,276,277,280,292,296,297,298,299,300,301,302,303,304,305,306,307,308,309,310,311,312,313,314,315,316,317,318,319,362,363,365,366,367,368,369,370,371,372,373,374,375,376,377,378,379,380,381,382,401,402,403,404,405,406
GCT,204.0,255.0,328.0,256.0,392.0,277.0,425.0,471.0,362.0,340.0,408.0,381.0,368.0,475.0,201.0,387.0,478.0,406.0,576.0,688.0,277.0,,651.0,342.0,298.0,308.0,275.0,449.0,316.0,229.0,289.0,347.0,278.0,291.0,346.0,398.0,388.0,307.0,227.0,86.0,584.0,700.0,272.0,290.0,378.0,241.0,392.0,463.0,390.0,399.0,205.0,274.0,363.0,384.0
GCC,257.0,249.0,216.0,309.0,330.0,298.0,450.0,333.0,209.0,188.0,300.0,354.0,359.0,329.0,539.0,623.0,369.0,500.0,295.0,268.0,349.0,347.0,302.0,360.0,469.0,345.0,336.0,266.0,364.0,267.0,235.0,371.0,451.0,357.0,414.0,320.0,360.0,280.0,198.0,32.0,381.0,266.0,427.0,595.0,198.0,312.0,301.0,308.0,209.0,198.0,156.0,478.0,336.0,323.0
TGC,294.0,327.0,386.0,265.0,354.0,440.0,346.0,414.0,305.0,235.0,448.0,473.0,417.0,441.0,292.0,152.0,428.0,514.0,419.0,349.0,523.0,405.0,354.0,348.0,403.0,394.0,415.0,329.0,404.0,344.0,356.0,401.0,337.0,389.0,400.0,335.0,340.0,386.0,292.0,79.0,500.0,453.0,454.0,251.0,318.0,341.0,224.0,700.0,276.0,273.0,320.0,439.0,344.0,474.0
TGT,154.0,281.0,393.0,347.0,369.0,350.0,399.0,334.0,382.0,181.0,170.0,403.0,362.0,451.0,375.0,306.0,418.0,483.0,367.0,310.0,336.0,488.0,296.0,479.0,202.0,372.0,490.0,497.0,220.0,366.0,232.0,326.0,452.0,446.0,321.0,263.0,366.0,303.0,264.0,47.0,425.0,623.0,360.0,700.0,454.0,311.0,286.0,633.0,352.0,443.0,212.0,206.0,401.0,297.0
GAT,194.0,484.0,281.0,248.0,385.0,343.0,413.0,488.0,307.0,358.0,445.0,211.0,582.0,271.0,236.0,257.0,204.0,320.0,323.0,354.0,257.0,544.0,551.0,326.0,600.0,372.0,421.0,448.0,347.0,286.0,253.0,419.0,234.0,319.0,321.0,337.0,236.0,338.0,209.0,101.0,187.0,283.0,179.0,157.0,479.0,193.0,281.0,389.0,135.0,249.0,256.0,311.0,218.0,131.0
GAC,438.0,453.0,398.0,311.0,293.0,229.0,334.0,294.0,405.0,350.0,527.0,331.0,416.0,387.0,427.0,326.0,295.0,456.0,271.0,359.0,352.0,403.0,396.0,386.0,458.0,399.0,187.0,384.0,490.0,341.0,326.0,394.0,295.0,724.0,252.0,264.0,374.0,297.0,250.0,161.0,458.0,408.0,339.0,351.0,342.0,224.0,409.0,519.0,224.0,381.0,363.0,254.0,174.0,255.0
GAG,345.0,314.0,279.0,312.0,,495.0,217.0,294.0,207.0,258.0,418.0,202.0,455.0,294.0,657.0,224.0,349.0,223.0,481.0,427.0,421.0,477.0,672.0,259.0,518.0,321.0,315.0,340.0,168.0,310.0,417.0,402.0,261.0,494.0,432.0,401.0,398.0,316.0,251.0,117.0,859.0,360.0,332.0,585.0,408.0,276.0,312.0,478.0,346.0,352.0,285.0,277.0,245.0,599.0
GAA,389.0,236.0,359.0,226.0,351.0,241.0,333.0,260.0,191.0,322.0,371.0,293.0,389.0,299.0,436.0,288.0,371.0,346.0,370.0,394.0,309.0,450.0,412.0,341.0,341.0,379.0,372.0,368.0,258.0,227.0,439.0,551.0,344.0,,394.0,499.0,282.0,400.0,221.0,100.0,940.0,400.0,357.0,262.0,362.0,317.0,288.0,560.0,199.0,216.0,150.0,218.0,246.0,382.0
TTC,292.0,338.0,246.0,361.0,256.0,323.0,259.0,406.0,353.0,414.0,446.0,257.0,395.0,465.0,403.0,370.0,413.0,273.0,344.0,277.0,355.0,410.0,486.0,293.0,448.0,392.0,428.0,393.0,319.0,346.0,314.0,468.0,285.0,568.0,320.0,307.0,346.0,394.0,250.0,106.0,211.0,439.0,541.0,412.0,363.0,,388.0,520.0,443.0,379.0,317.0,386.0,258.0,255.0
TTT,324.0,222.0,180.0,249.0,224.0,179.0,291.0,361.0,207.0,259.0,336.0,346.0,232.0,347.0,266.0,200.0,551.0,458.0,346.0,294.0,283.0,386.0,638.0,346.0,288.0,278.0,345.0,,373.0,168.0,334.0,474.0,370.0,424.0,486.0,386.0,243.0,327.0,249.0,100.0,348.0,336.0,321.0,284.0,398.0,271.0,319.0,452.0,438.0,236.0,269.0,311.0,244.0,409.0
GGT,335.0,351.0,356.0,330.0,362.0,358.0,338.0,198.0,322.0,620.0,565.0,,325.0,513.0,508.0,,426.0,645.0,318.0,634.0,396.0,432.0,576.0,309.0,436.0,313.0,379.0,423.0,282.0,217.0,329.0,363.0,438.0,489.0,513.0,277.0,352.0,385.0,202.0,143.0,474.0,472.0,383.0,362.0,451.0,244.0,296.0,404.0,292.0,379.0,197.0,350.0,256.0,491.0
GGA,231.0,212.0,365.0,263.0,320.0,245.0,301.0,395.0,332.0,339.0,324.0,467.0,309.0,370.0,370.0,338.0,,508.0,352.0,560.0,378.0,529.0,395.0,472.0,348.0,491.0,257.0,431.0,413.0,392.0,291.0,344.0,311.0,393.0,433.0,374.0,397.0,314.0,200.0,98.0,611.0,342.0,575.0,453.0,240.0,315.0,655.0,480.0,335.0,235.0,170.0,245.0,354.0,342.0
CAC,243.0,75.0,280.0,101.0,247.0,341.0,354.0,300.0,369.0,340.0,409.0,359.0,395.0,492.0,680.0,225.0,300.0,260.0,,430.0,368.0,491.0,598.0,311.0,462.0,357.0,341.0,285.0,416.0,282.0,258.0,333.0,498.0,324.0,348.0,364.0,549.0,258.0,,124.0,443.0,595.0,,143.0,301.0,448.0,295.0,355.0,376.0,195.0,331.0,313.0,190.0,514.0
CAT,206.0,205.0,286.0,289.0,300.0,350.0,188.0,319.0,398.0,400.0,298.0,235.0,477.0,387.0,390.0,513.0,429.0,342.0,445.0,402.0,547.0,499.0,303.0,251.0,321.0,492.0,354.0,390.0,339.0,357.0,272.0,372.0,378.0,337.0,366.0,292.0,289.0,277.0,261.0,152.0,310.0,556.0,356.0,312.0,320.0,244.0,450.0,430.0,299.0,316.0,379.0,360.0,221.0,409.0
ATC,224.0,167.0,258.0,243.0,248.0,290.0,273.0,400.0,365.0,408.0,412.0,287.0,482.0,479.0,362.0,188.0,331.0,260.0,298.0,295.0,542.0,445.0,348.0,202.0,568.0,371.0,339.0,270.0,434.0,323.0,343.0,,314.0,340.0,234.0,196.0,487.0,256.0,273.0,60.0,281.0,502.0,474.0,457.0,556.0,151.0,359.0,555.0,324.0,298.0,302.0,299.0,433.0,449.0
ATT,237.0,,244.0,360.0,170.0,,263.0,293.0,207.0,337.0,329.0,310.0,,451.0,645.0,273.0,286.0,384.0,338.0,327.0,355.0,376.0,395.0,318.0,349.0,500.0,351.0,230.0,365.0,294.0,314.0,449.0,263.0,364.0,511.0,542.0,352.0,290.0,192.0,111.0,578.0,279.0,300.0,353.0,312.0,169.0,208.0,496.0,327.0,196.0,446.0,309.0,334.0,291.0
AAG,269.0,350.0,302.0,258.0,368.0,464.0,196.0,217.0,207.0,188.0,377.0,283.0,478.0,211.0,344.0,187.0,287.0,551.0,480.0,397.0,382.0,448.0,556.0,433.0,413.0,394.0,416.0,300.0,396.0,351.0,269.0,361.0,,520.0,446.0,327.0,372.0,452.0,199.0,103.0,448.0,291.0,244.0,372.0,205.0,164.0,558.0,568.0,366.0,359.0,241.0,206.0,238.0,253.0
AAA,247.0,256.0,250.0,168.0,262.0,244.0,181.0,354.0,289.0,207.0,267.0,246.0,404.0,284.0,326.0,222.0,259.0,273.0,576.0,425.0,235.0,382.0,531.0,355.0,273.0,378.0,297.0,334.0,310.0,445.0,239.0,435.0,228.0,479.0,385.0,280.0,302.0,378.0,190.0,116.0,451.0,187.0,131.0,208.0,431.0,225.0,164.0,,245.0,194.0,146.0,264.0,131.0,322.0
TTG,,181.0,295.0,383.0,316.0,219.0,417.0,248.0,460.0,340.0,414.0,334.0,357.0,322.0,357.0,189.0,457.0,376.0,329.0,316.0,486.0,377.0,619.0,334.0,457.0,378.0,404.0,449.0,428.0,493.0,384.0,424.0,339.0,295.0,425.0,326.0,364.0,316.0,263.0,132.0,362.0,253.0,526.0,595.0,473.0,310.0,319.0,377.0,363.0,128.0,198.0,216.0,338.0,418.0
TTA,311.0,345.0,185.0,283.0,317.0,321.0,327.0,166.0,186.0,171.0,244.0,288.0,347.0,,456.0,295.0,376.0,356.0,372.0,386.0,173.0,431.0,412.0,560.0,401.0,405.0,302.0,357.0,285.0,330.0,463.0,516.0,290.0,401.0,394.0,271.0,414.0,367.0,251.0,110.0,544.0,307.0,364.0,368.0,202.0,266.0,167.0,350.0,222.0,221.0,168.0,382.0,159.0,407.0
ATG,307.0,265.0,179.0,,209.0,348.0,450.0,232.0,313.0,430.0,348.0,300.0,473.0,417.0,,347.0,532.0,346.0,376.0,553.0,477.0,365.0,633.0,357.0,372.0,372.0,410.0,241.0,267.0,329.0,502.0,306.0,359.0,371.0,532.0,438.0,463.0,,350.0,,294.0,392.0,96.0,337.0,382.0,275.0,119.0,460.0,217.0,241.0,254.0,351.0,300.0,418.0
AAC,200.0,264.0,264.0,208.0,195.0,335.0,468.0,,294.0,158.0,333.0,291.0,344.0,405.0,470.0,296.0,386.0,373.0,326.0,456.0,455.0,477.0,617.0,288.0,618.0,385.0,310.0,254.0,319.0,,224.0,645.0,331.0,429.0,317.0,339.0,578.0,365.0,312.0,80.0,864.0,270.0,464.0,156.0,141.0,278.0,368.0,474.0,575.0,184.0,278.0,407.0,347.0,377.0
AAT,354.0,314.0,171.0,241.0,345.0,339.0,319.0,142.0,340.0,247.0,336.0,228.0,318.0,271.0,477.0,214.0,258.0,330.0,354.0,532.0,317.0,266.0,411.0,254.0,357.0,304.0,391.0,268.0,313.0,364.0,284.0,551.0,452.0,303.0,282.0,261.0,433.0,318.0,128.0,71.0,223.0,343.0,220.0,356.0,478.0,334.0,205.0,355.0,296.0,113.0,248.0,480.0,232.0,245.0
CCT,259.0,182.0,285.0,266.0,188.0,268.0,382.0,241.0,321.0,426.0,337.0,478.0,311.0,292.0,271.0,323.0,394.0,253.0,316.0,368.0,457.0,407.0,590.0,264.0,293.0,180.0,517.0,260.0,244.0,418.0,332.0,433.0,237.0,349.0,366.0,454.0,392.0,277.0,246.0,73.0,,376.0,268.0,562.0,531.0,196.0,382.0,555.0,245.0,258.0,467.0,306.0,232.0,647.0
CCA,279.0,182.0,387.0,317.0,312.0,272.0,353.0,259.0,194.0,134.0,264.0,261.0,257.0,326.0,234.0,257.0,351.0,377.0,233.0,245.0,595.0,242.0,710.0,319.0,281.0,221.0,320.0,402.0,314.0,436.0,244.0,489.0,421.0,218.0,387.0,411.0,349.0,461.0,251.0,66.0,187.0,425.0,282.0,528.0,322.0,314.0,333.0,430.0,326.0,359.0,141.0,320.0,126.0,
CAG,219.0,248.0,343.0,204.0,352.0,426.0,429.0,386.0,274.0,607.0,589.0,226.0,489.0,375.0,343.0,281.0,418.0,,332.0,741.0,525.0,523.0,757.0,472.0,344.0,401.0,499.0,463.0,442.0,418.0,400.0,439.0,215.0,303.0,379.0,305.0,415.0,321.0,337.0,158.0,389.0,507.0,269.0,629.0,295.0,342.0,263.0,438.0,428.0,316.0,419.0,435.0,370.0,244.0
CAA,374.0,178.0,240.0,368.0,257.0,270.0,336.0,396.0,548.0,507.0,179.0,186.0,450.0,537.0,252.0,294.0,381.0,524.0,353.0,371.0,422.0,447.0,525.0,257.0,334.0,317.0,352.0,287.0,323.0,407.0,208.0,467.0,465.0,404.0,382.0,324.0,380.0,305.0,334.0,23.0,288.0,489.0,375.0,366.0,356.0,229.0,294.0,535.0,367.0,340.0,343.0,383.0,269.0,372.0
AGA,370.0,279.0,307.0,356.0,220.0,262.0,235.0,428.0,326.0,257.0,581.0,206.0,375.0,237.0,178.0,383.0,252.0,482.0,405.0,412.0,454.0,343.0,444.0,305.0,425.0,505.0,341.0,331.0,326.0,427.0,188.0,295.0,197.0,328.0,344.0,273.0,458.0,310.0,216.0,48.0,391.0,235.0,292.0,307.0,172.0,146.0,,463.0,252.0,179.0,265.0,186.0,436.0,342.0
CGT,358.0,336.0,207.0,344.0,360.0,382.0,282.0,364.0,305.0,446.0,471.0,258.0,315.0,309.0,309.0,318.0,319.0,408.0,432.0,305.0,223.0,344.0,468.0,214.0,359.0,312.0,434.0,333.0,355.0,247.0,250.0,505.0,341.0,398.0,286.0,338.0,326.0,253.0,201.0,59.0,266.0,324.0,307.0,465.0,296.0,297.0,509.0,420.0,196.0,229.0,196.0,123.0,272.0,213.0
TCT,240.0,310.0,218.0,307.0,350.0,265.0,199.0,241.0,328.0,331.0,315.0,314.0,432.0,570.0,285.0,522.0,174.0,322.0,347.0,446.0,469.0,481.0,,290.0,283.0,252.0,361.0,259.0,271.0,378.0,241.0,319.0,325.0,456.0,363.0,307.0,367.0,398.0,229.0,147.0,535.0,538.0,199.0,223.0,448.0,368.0,361.0,451.0,243.0,197.0,308.0,332.0,197.0,449.0
TCC,372.0,178.0,174.0,322.0,327.0,312.0,189.0,207.0,555.0,217.0,244.0,350.0,514.0,345.0,368.0,419.0,618.0,362.0,269.0,581.0,374.0,341.0,531.0,363.0,397.0,287.0,408.0,295.0,341.0,500.0,432.0,438.0,247.0,611.0,375.0,373.0,460.0,373.0,350.0,166.0,459.0,482.0,337.0,389.0,512.0,377.0,268.0,367.0,308.0,286.0,305.0,398.0,348.0,341.0
ACC,260.0,222.0,500.0,235.0,278.0,343.0,325.0,262.0,348.0,339.0,233.0,608.0,445.0,322.0,348.0,152.0,445.0,398.0,284.0,361.0,416.0,437.0,615.0,363.0,405.0,485.0,459.0,276.0,313.0,374.0,357.0,297.0,367.0,495.0,247.0,182.0,312.0,389.0,285.0,90.0,532.0,430.0,291.0,649.0,350.0,169.0,452.0,379.0,284.0,460.0,146.0,340.0,278.0,532.0
ACT,362.0,279.0,263.0,262.0,402.0,332.0,302.0,460.0,313.0,283.0,496.0,475.0,508.0,519.0,428.0,227.0,544.0,366.0,438.0,395.0,379.0,370.0,408.0,410.0,283.0,334.0,293.0,384.0,282.0,369.0,354.0,292.0,344.0,386.0,397.0,232.0,371.0,331.0,200.0,18.0,429.0,745.0,262.0,385.0,349.0,373.0,249.0,362.0,303.0,141.0,178.0,251.0,266.0,629.0
GTT,155.0,207.0,282.0,317.0,235.0,279.0,269.0,374.0,261.0,404.0,365.0,422.0,428.0,307.0,602.0,312.0,228.0,477.0,360.0,446.0,415.0,469.0,318.0,510.0,255.0,417.0,320.0,438.0,349.0,319.0,415.0,371.0,355.0,502.0,333.0,204.0,327.0,368.0,279.0,101.0,565.0,730.0,241.0,271.0,261.0,199.0,561.0,399.0,412.0,,350.0,350.0,185.0,305.0
GTC,264.0,244.0,343.0,205.0,310.0,91.0,365.0,532.0,313.0,150.0,333.0,487.0,419.0,458.0,534.0,230.0,193.0,352.0,335.0,377.0,285.0,343.0,298.0,289.0,294.0,395.0,347.0,318.0,,280.0,331.0,501.0,402.0,351.0,233.0,287.0,328.0,310.0,305.0,59.0,336.0,298.0,449.0,379.0,452.0,482.0,215.0,348.0,336.0,245.0,323.0,,202.0,314.0
TGG,299.0,321.0,413.0,378.0,273.0,359.0,473.0,312.0,264.0,423.0,427.0,258.0,653.0,300.0,126.0,319.0,377.0,550.0,414.0,408.0,256.0,576.0,531.0,252.0,343.0,371.0,,324.0,422.0,455.0,300.0,546.0,407.0,514.0,300.0,309.0,457.0,300.0,326.0,92.0,272.0,405.0,472.0,293.0,518.0,356.0,395.0,452.0,301.0,157.0,207.0,315.0,409.0,275.0
TAC,277.0,378.0,253.0,247.0,355.0,256.0,690.0,577.0,345.0,667.0,302.0,230.0,307.0,391.0,668.0,232.0,340.0,394.0,322.0,155.0,374.0,492.0,405.0,251.0,321.0,481.0,415.0,459.0,320.0,373.0,267.0,411.0,298.0,579.0,326.0,307.0,429.0,348.0,397.0,81.0,214.0,200.0,344.0,420.0,275.0,323.0,197.0,470.0,,359.0,194.0,394.0,232.0,552.0
TAT,242.0,286.0,224.0,340.0,215.0,473.0,302.0,427.0,274.0,227.0,361.0,133.0,397.0,256.0,189.0,393.0,287.0,336.0,356.0,489.0,305.0,366.0,609.0,231.0,631.0,578.0,487.0,330.0,387.0,238.0,316.0,271.0,372.0,369.0,392.0,292.0,336.0,337.0,284.0,177.0,471.0,216.0,263.0,234.0,296.0,243.0,205.0,334.0,261.0,234.0,425.0,254.0,185.0,231.0
TAA,,,1.0,1.0,,,1.0,,,1.0,,,,22.0,1.0,211.0,1.0,,,,19.0,,4.0,,14.0,,,2.0,1.0,,1.0,,1.0,37.0,1.0,247.0,,2.0,,,,2.0,,2.0,,,,8.0,5.0,1.0,,,,
