,55,57,58,59,60,61,62,63,64,65,66,67,68,69,71,72,85,86,87,88,89,90,92,94,100,101,102,103,104,105,106,107,109,112,113,114,115,116,117,118,119,120,121,122,123,124,125,126,127,128,129,130,131,132,133,134,135,136,137,138,139,140,141,142,143,144,145,146,147,148,149,150,151,154,155,158,162
GCT,399.0,282.0,526.0,477.0,307.0,510.0,288.0,593.0,66.0,520.0,624.0,334.0,820.0,621.0,606.0,560.0,623.0,414.0,454.0,491.0,762.0,1066.0,,487.0,719.0,515.0,681.0,409.0,555.0,245.0,758.0,881.0,584.0,337.0,412.0,,547.0,622.0,1126.0,710.0,369.0,695.0,767.0,1095.0,705.0,761.0,754.0,1043.0,708.0,644.0,471.0,137.0,1108.0,502.0,626.0,711.0,472.0,671.0,514.0,410.0,460.0,639.0,467.0,501.0,423.0,1286.0,670.0,,579.0,379.0,832.0,506.0,463.0,426.0,920.0,481.0,442.0
GCC,331.0,299.0,387.0,452.0,316.0,430.0,155.0,643.0,338.0,436.0,283.0,579.0,411.0,379.0,408.0,519.0,596.0,450.0,541.0,763.0,954.0,593.0,,611.0,450.0,790.0,349.0,501.0,710.0,546.0,873.0,305.0,693.0,496.0,545.0,635.0,476.0,573.0,825.0,656.0,634.0,698.0,683.0,505.0,590.0,329.0,726.0,754.0,577.0,109.0,704.0,826.0,746.0,446.0,371.0,856.0,438.0,551.0,417.0,449.0,649.0,710.0,581.0,546.0,983.0,503.0,676.0,792.0,526.0,774.0,936.0,679.0,646.0,531.0,951.0,478.0,241.0
TGC,386.0,490.0,439.0,666.0,236.0,517.0,247.0,339.0,374.0,396.0,406.0,440.0,453.0,521.0,514.0,348.0,419.0,676.0,635.0,392.0,537.0,433.0,,762.0,346.0,725.0,694.0,538.0,440.0,557.0,758.0,670.0,648.0,663.0,535.0,642.0,719.0,871.0,439.0,740.0,525.0,356.0,822.0,510.0,1033.0,818.0,512.0,584.0,344.0,661.0,680.0,674.0,816.0,464.0,1156.0,579.0,798.0,787.0,529.0,996.0,403.0,321.0,1231.0,555.0,515.0,714.0,455.0,890.0,762.0,725.0,487.0,634.0,348.0,826.0,842.0,579.0,640.0
TGT,425.0,625.0,453.0,591.0,472.0,493.0,486.0,644.0,554.0,337.0,514.0,476.0,430.0,624.0,600.0,830.0,1106.0,485.0,460.0,259.0,256.0,549.0,,361.0,884.0,861.0,887.0,736.0,425.0,517.0,520.0,469.0,897.0,865.0,824.0,726.0,616.0,432.0,711.0,839.0,476.0,742.0,371.0,664.0,568.0,578.0,1013.0,1089.0,353.0,670.0,701.0,550.0,785.0,606.0,552.0,,942.0,532.0,524.0,621.0,773.0,753.0,576.0,431.0,613.0,1070.0,731.0,551.0,878.0,744.0,591.0,418.0,447.0,463.0,424.0,577.0,393.0
GAT,535.0,517.0,498.0,634.0,464.0,637.0,515.0,655.0,500.0,443.0,676.0,395.0,546.0,586.0,662.0,459.0,399.0,502.0,696.0,422.0,637.0,553.0,,453.0,948.0,667.0,533.0,412.0,554.0,415.0,715.0,786.0,852.0,947.0,689.0,843.0,276.0,,533.0,578.0,646.0,534.0,376.0,613.0,1007.0,620.0,821.0,656.0,609.0,400.0,614.0,350.0,458.0,549.0,,306.0,763.0,513.0,522.0,594.0,410.0,558.0,885.0,497.0,817.0,769.0,817.0,657.0,631.0,647.0,716.0,487.0,419.0,963.0,1050.0,549.0,256.0
GAC,281.0,437.0,373.0,858.0,431.0,423.0,242.0,513.0,409.0,597.0,484.0,521.0,643.0,345.0,526.0,388.0,484.0,405.0,266.0,534.0,675.0,771.0,,503.0,602.0,1032.0,768.0,563.0,499.0,666.0,916.0,520.0,906.0,551.0,1100.0,516.0,496.0,888.0,301.0,469.0,693.0,415.0,665.0,698.0,576.0,483.0,1186.0,587.0,1175.0,534.0,617.0,379.0,645.0,379.0,376.0,936.0,507.0,531.0,571.0,553.0,485.0,780.0,690.0,373.0,910.0,500.0,814.0,628.0,307.0,298.0,694.0,1053.0,573.0,624.0,668.0,369.0,483.0
GAG,539.0,393.0,308.0,779.0,548.0,577.0,489.0,811.0,591.0,506.0,473.0,375.0,484.0,345.0,767.0,530.0,385.0,419.0,483.0,576.0,461.0,743.0,,663.0,864.0,664.0,542.0,567.0,585.0,654.0,662.0,835.0,747.0,710.0,562.0,757.0,669.0,970.0,391.0,392.0,726.0,341.0,853.0,574.0,483.0,719.0,895.0,635.0,742.0,767.0,825.0,459.0,567.0,719.0,1345.0,711.0,679.0,819.0,672.0,875.0,565.0,294.0,,642.0,501.0,484.0,956.0,643.0,431.0,603.0,984.0,505.0,554.0,371.0,984.0,463.0,492.0
GAA,463.0,440.0,602.0,551.0,566.0,267.0,443.0,574.0,701.0,388.0,507.0,703.0,438.0,437.0,532.0,346.0,415.0,341.0,470.0,590.0,446.0,490.0,,297.0,516.0,806.0,,511.0,761.0,583.0,618.0,427.0,769.0,619.0,636.0,744.0,,550.0,817.0,555.0,590.0,526.0,663.0,544.0,569.0,687.0,1080.0,599.0,726.0,593.0,319.0,690.0,597.0,516.0,261.0,827.0,838.0,575.0,335.0,718.0,1055.0,719.0,705.0,482.0,487.0,872.0,454.0,330.0,570.0,258.0,777.0,709.0,535.0,454.0,695.0,434.0,566.0
TTC,343.0,400.0,,631.0,236.0,416.0,361.0,748.0,517.0,323.0,397.0,630.0,570.0,543.0,736.0,563.0,437.0,590.0,341.0,559.0,243.0,545.0,,560.0,882.0,541.0,716.0,546.0,652.0,,425.0,435.0,875.0,491.0,311.0,630.0,622.0,786.0,503.0,704.0,797.0,416.0,649.0,402.0,627.0,595.0,837.0,,242.0,431.0,349.0,275.0,830.0,689.0,992.0,277.0,431.0,388.0,654.0,555.0,515.0,1148.0,825.0,927.0,580.0,760.0,723.0,481.0,480.0,,635.0,610.0,767.0,444.0,,398.0,541.0
TTT,316.0,430.0,702.0,409.0,335.0,347.0,249.0,456.0,464.0,281.0,349.0,440.0,433.0,664.0,,,,394.0,192.0,396.0,401.0,680.0,,484.0,632.0,462.0,412.0,,387.0,634.0,868.0,437.0,671.0,589.0,603.0,462.0,753.0,349.0,492.0,788.0,865.0,447.0,963.0,716.0,301.0,625.0,596.0,692.0,315.0,410.0,350.0,354.0,426.0,769.0,423.0,455.0,754.0,666.0,540.0,399.0,480.0,774.0,937.0,852.0,639.0,636.0,,225.0,269.0,920.0,502.0,652.0,453.0,400.0,583.0,378.0,565.0
GGT,460.0,531.0,463.0,489.0,344.0,451.0,297.0,494.0,621.0,,535.0,286.0,388.0,467.0,726.0,271.0,599.0,455.0,680.0,760.0,787.0,946.0,,571.0,,1117.0,727.0,734.0,570.0,541.0,682.0,775.0,491.0,471.0,646.0,1027.0,706.0,649.0,587.0,568.0,932.0,756.0,628.0,1240.0,861.0,759.0,931.0,458.0,776.0,384.0,771.0,1108.0,1031.0,676.0,574.0,696.0,450.0,748.0,684.0,958.0,660.0,957.0,458.0,425.0,976.0,990.0,1032.0,610.0,487.0,436.0,902.0,554.0,589.0,713.0,744.0,662.0,498.0
GGA,472.0,550.0,344.0,427.0,403.0,382.0,588.0,602.0,479.0,431.0,669.0,882.0,678.0,391.0,628.0,509.0,588.0,405.0,531.0,822.0,400.0,520.0,,526.0,684.0,996.0,620.0,642.0,578.0,637.0,790.0,752.0,797.0,722.0,593.0,753.0,777.0,1043.0,890.0,521.0,660.0,367.0,481.0,1066.0,576.0,788.0,1827.0,782.0,,710.0,,617.0,801.0,674.0,1114.0,1066.0,427.0,675.0,495.0,450.0,625.0,1016.0,386.0,868.0,1137.0,560.0,633.0,439.0,541.0,326.0,850.0,930.0,641.0,438.0,482.0,530.0,858.0
CAC,507.0,356.0,319.0,339.0,320.0,289.0,603.0,484.0,562.0,367.0,467.0,699.0,479.0,354.0,560.0,577.0,408.0,397.0,609.0,540.0,504.0,460.0,,366.0,506.0,,470.0,544.0,827.0,611.0,534.0,622.0,370.0,598.0,486.0,795.0,986.0,810.0,519.0,718.0,625.0,,184.0,640.0,534.0,780.0,891.0,454.0,673.0,464.0,507.0,168.0,586.0,604.0,995.0,656.0,754.0,732.0,758.0,752.0,740.0,401.0,776.0,387.0,777.0,814.0,975.0,785.0,557.0,558.0,355.0,586.0,790.0,524.0,771.0,276.0,490.0
CAT,350.0,338.0,499.0,529.0,424.0,541.0,412.0,682.0,494.0,349.0,672.0,613.0,741.0,483.0,723.0,352.0,249.0,369.0,574.0,811.0,338.0,437.0,,506.0,578.0,609.0,664.0,386.0,429.0,687.0,601.0,628.0,772.0,864.0,590.0,698.0,718.0,552.0,418.0,542.0,448.0,430.0,863.0,663.0,513.0,602.0,870.0,953.0,430.0,405.0,329.0,305.0,795.0,770.0,329.0,409.0,964.0,402.0,576.0,521.0,185.0,653.0,536.0,745.0,707.0,570.0,332.0,513.0,507.0,350.0,432.0,268.0,1015.0,637.0,787.0,583.0,456.0
ATC,256.0,381.0,385.0,717.0,481.0,374.0,477.0,504.0,415.0,457.0,718.0,420.0,349.0,426.0,574.0,308.0,375.0,385.0,359.0,335.0,346.0,740.0,5.0,297.0,751.0,962.0,379.0,403.0,369.0,556.0,744.0,560.0,649.0,475.0,164.0,537.0,682.0,538.0,754.0,348.0,543.0,348.0,340.0,467.0,468.0,711.0,613.0,1112.0,179.0,209.0,368.0,150.0,,459.0,575.0,564.0,1087.0,256.0,667.0,441.0,391.0,435.0,462.0,695.0,329.0,645.0,375.0,763.0,666.0,682.0,909.0,485.0,464.0,411.0,606.0,530.0,553.0
ATT,361.0,550.0,330.0,622.0,388.0,406.0,524.0,510.0,506.0,366.0,507.0,245.0,395.0,534.0,823.0,388.0,448.0,520.0,342.0,377.0,167.0,628.0,79.0,362.0,497.0,770.0,868.0,577.0,448.0,643.0,568.0,461.0,802.0,552.0,335.0,545.0,514.0,646.0,810.0,511.0,694.0,342.0,745.0,721.0,559.0,407.0,1001.0,907.0,274.0,487.0,369.0,289.0,578.0,674.0,921.0,507.0,613.0,665.0,600.0,500.0,623.0,786.0,536.0,531.0,720.0,711.0,749.0,515.0,504.0,469.0,490.0,567.0,477.0,487.0,949.0,393.0,
AAG,457.0,559.0,378.0,664.0,452.0,344.0,253.0,652.0,406.0,300.0,441.0,492.0,457.0,362.0,642.0,270.0,107.0,543.0,531.0,563.0,274.0,716.0,129.0,594.0,789.0,440.0,662.0,498.0,380.0,973.0,586.0,484.0,485.0,647.0,967.0,516.0,383.0,711.0,555.0,483.0,439.0,557.0,510.0,546.0,595.0,736.0,673.0,596.0,687.0,,529.0,258.0,502.0,558.0,1109.0,566.0,1045.0,896.0,497.0,611.0,820.0,1558.0,365.0,714.0,536.0,,398.0,291.0,898.0,539.0,774.0,417.0,580.0,724.0,466.0,529.0,439.0
AAA,351.0,435.0,512.0,623.0,317.0,312.0,447.0,543.0,496.0,325.0,321.0,392.0,570.0,295.0,507.0,437.0,277.0,340.0,558.0,865.0,235.0,,,600.0,759.0,1064.0,930.0,553.0,490.0,710.0,472.0,420.0,723.0,600.0,963.0,416.0,226.0,696.0,457.0,295.0,,412.0,359.0,680.0,916.0,585.0,738.0,533.0,504.0,521.0,705.0,455.0,260.0,631.0,667.0,211.0,705.0,868.0,340.0,643.0,705.0,293.0,525.0,548.0,,648.0,338.0,165.0,,466.0,565.0,434.0,588.0,538.0,743.0,437.0,514.0
TTG,405.0,624.0,591.0,537.0,513.0,473.0,511.0,592.0,429.0,452.0,545.0,671.0,660.0,573.0,754.0,304.0,610.0,736.0,644.0,426.0,406.0,668.0,46.0,790.0,630.0,699.0,637.0,505.0,604.0,656.0,677.0,580.0,645.0,523.0,747.0,518.0,575.0,663.0,1076.0,466.0,619.0,419.0,877.0,1034.0,582.0,778.0,536.0,842.0,333.0,654.0,473.0,674.0,700.0,699.0,728.0,510.0,754.0,792.0,711.0,461.0,1093.0,450.0,1141.0,442.0,932.0,721.0,767.0,617.0,767.0,485.0,689.0,584.0,491.0,472.0,767.0,379.0,427.0
TTA,306.0,395.0,478.0,441.0,360.0,438.0,354.0,524.0,406.0,512.0,467.0,408.0,428.0,499.0,621.0,433.0,566.0,451.0,412.0,610.0,246.0,930.0,,367.0,871.0,466.0,619.0,400.0,621.0,594.0,446.0,443.0,,775.0,1085.0,620.0,795.0,553.0,295.0,535.0,853.0,475.0,,973.0,498.0,665.0,930.0,819.0,537.0,579.0,712.0,347.0,1108.0,586.0,610.0,613.0,763.0,422.0,389.0,676.0,458.0,790.0,522.0,514.0,1110.0,665.0,1083.0,599.0,381.0,620.0,407.0,755.0,401.0,291.0,381.0,343.0,495.0
ATG,453.0,366.0,526.0,692.0,445.0,532.0,410.0,526.0,544.0,280.0,422.0,565.0,683.0,502.0,548.0,414.0,425.0,,349.0,529.0,348.0,1014.0,,598.0,1050.0,722.0,693.0,763.0,675.0,787.0,686.0,333.0,727.0,472.0,914.0,581.0,444.0,633.0,591.0,664.0,493.0,591.0,946.0,771.0,673.0,612.0,825.0,770.0,722.0,1090.0,485.0,542.0,497.0,657.0,694.0,918.0,656.0,377.0,560.0,619.0,914.0,,504.0,683.0,784.0,612.0,839.0,481.0,813.0,674.0,665.0,526.0,659.0,715.0,810.0,437.0,674.0
AAC,335.0,300.0,597.0,444.0,476.0,389.0,397.0,544.0,449.0,316.0,447.0,337.0,562.0,457.0,625.0,400.0,458.0,561.0,531.0,412.0,490.0,601.0,,559.0,651.0,668.0,380.0,346.0,345.0,611.0,438.0,384.0,545.0,518.0,357.0,663.0,698.0,398.0,748.0,667.0,554.0,508.0,724.0,532.0,476.0,1059.0,405.0,729.0,868.0,413.0,495.0,310.0,484.0,446.0,928.0,91.0,673.0,,346.0,660.0,667.0,374.0,187.0,691.0,1135.0,486.0,698.0,299.0,806.0,390.0,470.0,625.0,628.0,564.0,534.0,371.0,436.0
AAT,276.0,588.0,336.0,454.0,529.0,578.0,316.0,559.0,361.0,262.0,443.0,423.0,470.0,553.0,632.0,547.0,536.0,485.0,347.0,419.0,297.0,384.0,3.0,673.0,659.0,440.0,874.0,561.0,513.0,367.0,,513.0,735.0,478.0,493.0,573.0,622.0,560.0,535.0,736.0,673.0,354.0,197.0,800.0,955.0,987.0,664.0,911.0,1128.0,967.0,597.0,918.0,597.0,646.0,569.0,228.0,801.0,555.0,261.0,469.0,719.0,563.0,539.0,595.0,697.0,898.0,879.0,382.0,790.0,177.0,566.0,657.0,730.0,409.0,682.0,465.0,575.0
CCT,354.0,300.0,535.0,458.0,575.0,425.0,360.0,321.0,347.0,447.0,487.0,594.0,561.0,325.0,467.0,398.0,599.0,546.0,634.0,491.0,230.0,510.0,,628.0,906.0,561.0,445.0,558.0,512.0,231.0,672.0,741.0,551.0,548.0,842.0,600.0,656.0,457.0,635.0,349.0,631.0,542.0,248.0,660.0,750.0,613.0,731.0,608.0,456.0,704.0,399.0,479.0,463.0,442.0,741.0,440.0,891.0,723.0,497.0,640.0,839.0,610.0,687.0,321.0,192.0,502.0,384.0,649.0,202.0,405.0,469.0,541.0,471.0,773.0,756.0,413.0,617.0
CCA,366.0,400.0,380.0,394.0,469.0,297.0,501.0,272.0,419.0,387.0,609.0,579.0,721.0,373.0,481.0,377.0,635.0,435.0,535.0,823.0,739.0,424.0,,412.0,723.0,518.0,637.0,543.0,419.0,625.0,641.0,707.0,361.0,334.0,606.0,617.0,493.0,638.0,869.0,331.0,703.0,429.0,761.0,580.0,764.0,751.0,715.0,591.0,181.0,271.0,135.0,110.0,513.0,597.0,753.0,745.0,704.0,494.0,551.0,705.0,722.0,349.0,721.0,457.0,727.0,921.0,486.0,775.0,70.0,748.0,672.0,493.0,639.0,547.0,681.0,364.0,562.0
CAG,460.0,399.0,404.0,554.0,363.0,519.0,613.0,398.0,315.0,396.0,529.0,493.0,639.0,285.0,782.0,559.0,398.0,282.0,772.0,512.0,811.0,806.0,,539.0,979.0,361.0,747.0,741.0,528.0,575.0,693.0,417.0,8.0,919.0,397.0,775.0,505.0,350.0,563.0,711.0,860.0,481.0,367.0,557.0,908.0,899.0,716.0,716.0,748.0,807.0,685.0,530.0,364.0,740.0,1206.0,299.0,796.0,908.0,676.0,932.0,709.0,716.0,844.0,,833.0,1015.0,739.0,476.0,607.0,354.0,584.0,362.0,636.0,527.0,911.0,463.0,386.0
CAA,344.0,600.0,614.0,572.0,436.0,477.0,270.0,356.0,671.0,348.0,,,745.0,378.0,457.0,486.0,331.0,359.0,168.0,501.0,758.0,1007.0,,594.0,468.0,511.0,475.0,648.0,383.0,570.0,662.0,511.0,852.0,314.0,1067.0,711.0,518.0,507.0,619.0,573.0,490.0,547.0,705.0,756.0,762.0,797.0,1090.0,638.0,511.0,823.0,329.0,358.0,220.0,679.0,968.0,622.0,432.0,1033.0,674.0,539.0,631.0,705.0,373.0,574.0,603.0,568.0,764.0,485.0,698.0,411.0,691.0,400.0,839.0,472.0,534.0,315.0,769.0
AGA,339.0,529.0,520.0,415.0,412.0,477.0,377.0,658.0,494.0,434.0,442.0,487.0,631.0,546.0,780.0,406.0,394.0,329.0,390.0,569.0,426.0,925.0,,571.0,655.0,632.0,889.0,630.0,393.0,696.0,507.0,457.0,550.0,595.0,499.0,521.0,931.0,523.0,730.0,553.0,565.0,383.0,406.0,257.0,782.0,754.0,796.0,590.0,727.0,927.0,490.0,546.0,527.0,515.0,766.0,709.0,715.0,615.0,539.0,454.0,553.0,974.0,699.0,312.0,340.0,844.0,686.0,540.0,519.0,359.0,596.0,402.0,319.0,439.0,875.0,310.0,451.0
CGT,378.0,409.0,406.0,457.0,324.0,485.0,429.0,512.0,442.0,344.0,541.0,616.0,481.0,707.0,600.0,461.0,404.0,255.0,696.0,587.0,543.0,481.0,,815.0,950.0,813.0,796.0,407.0,371.0,543.0,730.0,410.0,448.0,682.0,853.0,433.0,929.0,874.0,506.0,484.0,290.0,611.0,549.0,470.0,634.0,571.0,1100.0,621.0,743.0,707.0,255.0,285.0,529.0,391.0,817.0,398.0,859.0,406.0,800.0,,627.0,362.0,1047.0,257.0,743.0,891.0,610.0,683.0,532.0,459.0,622.0,724.0,651.0,676.0,921.0,460.0,508.0
TCT,417.0,518.0,300.0,389.0,622.0,314.0,436.0,,430.0,452.0,556.0,477.0,650.0,540.0,576.0,361.0,467.0,475.0,337.0,376.0,551.0,458.0,,515.0,879.0,622.0,556.0,608.0,545.0,419.0,629.0,424.0,841.0,817.0,,626.0,847.0,477.0,434.0,641.0,557.0,523.0,777.0,760.0,522.0,539.0,853.0,647.0,603.0,817.0,877.0,448.0,521.0,529.0,230.0,168.0,455.0,636.0,438.0,545.0,470.0,935.0,566.0,632.0,1041.0,746.0,786.0,499.0,759.0,400.0,616.0,486.0,493.0,617.0,691.0,437.0,373.0
TCC,413.0,391.0,332.0,351.0,398.0,377.0,523.0,636.0,358.0,246.0,599.0,252.0,570.0,546.0,551.0,286.0,638.0,345.0,581.0,602.0,734.0,552.0,,677.0,803.0,1078.0,538.0,678.0,411.0,643.0,450.0,601.0,789.0,647.0,654.0,657.0,965.0,713.0,700.0,401.0,640.0,408.0,1009.0,648.0,598.0,260.0,632.0,479.0,599.0,49.0,502.0,402.0,584.0,672.0,268.0,566.0,1027.0,497.0,311.0,351.0,571.0,977.0,785.0,644.0,748.0,563.0,779.0,738.0,626.0,427.0,323.0,415.0,433.0,445.0,837.0,210.0,308.0
ACC,240.0,404.0,416.0,604.0,394.0,506.0,279.0,386.0,534.0,288.0,300.0,597.0,520.0,404.0,370.0,378.0,594.0,285.0,218.0,427.0,613.0,334.0,,532.0,644.0,760.0,449.0,408.0,636.0,455.0,564.0,702.0,616.0,642.0,972.0,662.0,284.0,902.0,609.0,649.0,485.0,459.0,1247.0,629.0,629.0,467.0,605.0,657.0,605.0,126.0,511.0,335.0,551.0,499.0,710.0,702.0,656.0,695.0,706.0,405.0,560.0,557.0,771.0,237.0,410.0,702.0,366.0,365.0,649.0,255.0,443.0,826.0,568.0,603.0,815.0,425.0,466.0
ACT,388.0,396.0,444.0,510.0,502.0,435.0,245.0,471.0,647.0,421.0,423.0,436.0,517.0,408.0,343.0,507.0,477.0,601.0,418.0,446.0,753.0,415.0,,548.0,813.0,784.0,507.0,574.0,346.0,555.0,973.0,713.0,572.0,574.0,530.0,575.0,262.0,639.0,748.0,708.0,749.0,497.0,471.0,748.0,,375.0,860.0,504.0,578.0,554.0,357.0,479.0,645.0,407.0,974.0,390.0,550.0,740.0,484.0,685.0,480.0,357.0,562.0,350.0,689.0,334.0,574.0,857.0,564.0,919.0,341.0,650.0,,438.0,1162.0,562.0,311.0
GTT,331.0,438.0,408.0,579.0,312.0,641.0,252.0,538.0,341.0,590.0,636.0,438.0,782.0,436.0,803.0,460.0,734.0,582.0,476.0,525.0,630.0,518.0,,545.0,609.0,745.0,1056.0,711.0,593.0,511.0,927.0,720.0,852.0,799.0,816.0,472.0,1087.0,669.0,824.0,584.0,618.0,379.0,634.0,921.0,717.0,840.0,639.0,1066.0,477.0,211.0,541.0,,753.0,674.0,633.0,342.0,385.0,497.0,678.0,662.0,595.0,857.0,629.0,541.0,1066.0,505.0,604.0,334.0,626.0,490.0,497.0,419.0,495.0,430.0,638.0,637.0,679.0
GTC,362.0,384.0,462.0,481.0,508.0,485.0,377.0,525.0,508.0,541.0,259.0,393.0,735.0,520.0,702.0,494.0,360.0,275.0,700.0,638.0,662.0,854.0,,527.0,319.0,548.0,658.0,521.0,,724.0,675.0,633.0,615.0,,775.0,417.0,647.0,557.0,503.0,687.0,649.0,432.0,511.0,739.0,750.0,806.0,964.0,764.0,359.0,633.0,839.0,540.0,609.0,747.0,409.0,312.0,222.0,721.0,485.0,589.0,645.0,885.0,536.0,777.0,585.0,721.0,683.0,553.0,618.0,557.0,820.0,398.0,579.0,485.0,886.0,277.0,291.0
TGG,273.0,,410.0,476.0,590.0,392.0,420.0,679.0,713.0,565.0,503.0,948.0,716.0,462.0,405.0,361.0,710.0,411.0,544.0,354.0,806.0,964.0,,851.0,556.0,971.0,572.0,668.0,496.0,815.0,788.0,575.0,653.0,487.0,561.0,694.0,824.0,510.0,401.0,433.0,717.0,475.0,705.0,705.0,1124.0,1006.0,801.0,1023.0,433.0,730.0,844.0,564.0,331.0,771.0,1094.0,649.0,1143.0,885.0,654.0,766.0,670.0,549.0,1002.0,568.0,1298.0,493.0,895.0,403.0,761.0,458.0,518.0,516.0,606.0,798.0,709.0,317.0,452.0
TAC,348.0,494.0,303.0,592.0,302.0,310.0,515.0,665.0,409.0,340.0,675.0,425.0,498.0,531.0,478.0,359.0,551.0,430.0,529.0,513.0,314.0,315.0,,763.0,869.0,619.0,524.0,546.0,593.0,796.0,587.0,708.0,470.0,683.0,720.0,385.0,763.0,376.0,415.0,,931.0,373.0,376.0,635.0,759.0,662.0,426.0,542.0,349.0,490.0,424.0,246.0,392.0,,572.0,690.0,256.0,1088.0,521.0,497.0,677.0,1071.0,612.0,487.0,550.0,651.0,770.0,561.0,338.0,629.0,239.0,461.0,682.0,468.0,815.0,475.0,406.0
TAT,399.0,373.0,444.0,393.0,376.0,496.0,245.0,699.0,,331.0,399.0,326.0,430.0,,624.0,499.0,601.0,489.0,464.0,247.0,397.0,439.0,,653.0,1007.0,618.0,536.0,634.0,435.0,543.0,629.0,543.0,638.0,401.0,780.0,657.0,340.0,635.0,362.0,485.0,541.0,350.0,445.0,612.0,545.0,514.0,707.0,887.0,372.0,850.0,408.0,424.0,636.0,887.0,312.0,775.0,493.0,464.0,618.0,548.0,819.0,825.0,893.0,511.0,322.0,555.0,509.0,510.0,300.0,277.0,472.0,697.0,435.0,669.0,875.0,,523.0
TAA,342.0,,,13.0,25.0,1.0,,1.0,21.0,,23.0,14.0,,16.0,1.0,,2.0,2.0,,,199.0,20.0,,,,1.0,104.0,,1.0,3.0,10.0,1.0,17.0,,2.0,1.0,53.0,4.0,1.0,58.0,460.0,1.0,74.0,7.0,1.0,1.0,1.0,3.0,2.0,2.0,2.0,,3.0,576.0,6.0,1.0,1.0,2.0,3.0,,342.0,4.0,1.0,,75.0,1.0,3.0,1.0,58.0,3.0,1.0,,2.0,28.0,2.0,7.0,
