,variant,s fluco,s itra,s vorico,s posaco,s isa,s clotri,position
0,58V,0.0827315130790951,0.0675392605491199,0.1048482949175403,0.0896657541889387,0.0237593113147091,0.2389501769450386,58
1,60H,0.0815350701834021,0.1520557769277499,0.1462880186646348,0.1777410740445335,0.060073120820465,0.2661206888462331,60
2,61T,0.0545676664168665,0.1674449510633493,0.1237156483599107,0.183633210455646,0.0534113199577752,0.1851548096973207,61
3,69A,0.1217734483819564,0.1191835531468755,0.1224021892215423,0.1405382806640266,0.0752854968189037,0.2594905700596067,69
4,69C,0.1373539391522054,0.1289909117990656,0.139366803855681,0.1567470855354254,0.0627163362162201,0.2521216422392849,69
5,69D,0.0860847176860396,0.1337406423546617,0.1405957695112036,0.167853202814056,0.0752203032794981,0.208832687546218,69
6,69E,0.1495122389793989,0.1453712498472006,0.1986765662211194,0.1899122550519787,0.0969487387407541,0.3972310004754087,69
7,69G,0.1091098320526913,0.1451906089351003,0.1601985887130242,0.1509219972575696,0.0662902587074953,0.1952121885963115,69
8,69K,0.1087496040840112,0.1097465200353043,0.0971891615045327,0.1513715934156165,0.0646668522043124,0.2146955060398525,69
9,69L,0.0781820139306805,0.085887956289001,0.1086003261128608,0.1205846926908988,0.0613307277234548,0.3076743931964591,69
10,69M,0.0585170255261686,0.091637945590413,0.0891040009572222,0.1238103692673021,0.0630032415100807,0.255199050353525,69
11,69P,0.101678123193278,0.087575555147132,0.0826991523768808,0.1008091136021114,0.0742418348401747,0.2827529024462282,69
12,69Q,0.1011188644765079,0.1019322268471157,0.1266904120665095,0.1431212736136247,0.0730377901896771,0.2901882866621724,69
13,69R,0.0680862179667953,0.0664704517959548,0.0677745569931161,0.0961291999195037,0.0508116765730058,0.0899455714341436,69
14,69S,0.0882122355349938,0.0826992150757575,0.0973353582516333,0.0954811749754512,0.0636867035948892,0.1288142383743731,69
15,69T,0.1020987036550252,0.1076775311017546,0.1210885435223534,0.1317851158632991,0.0695839843890431,0.2432558857455458,69
16,69V,0.1094424318511698,0.1205182823801154,0.1470391905527679,0.1436264825619648,0.0854241697325385,0.3155205137728243,69
17,72W,0.2090297855181429,0.0753249296419157,0.1486963953292716,0.0917652220610508,0.0716960941576164,0.3357668719145872,72
18,85Y,0.0364543473731836,0.0715882296391862,0.065633101282544,0.0926940163731296,0.0312305393185417,0.0776064444998653,85
19,90R,0.089299397878784,0.0704539813823551,0.1319039681575777,0.0713356635668219,0.0600981994735728,0.2908594038922584,90
20,100D,0.0795608426101711,0.0881711581178427,0.0631657874874333,0.0861464341899727,0.0602454989584087,0.0854585201440756,100
21,100I,0.2305723263493121,0.1932805402083002,0.2004765284307121,0.2116368674272913,0.084989213485283,0.2735986686589414,100
22,100L,0.1724188770351357,0.1344950253561577,0.1588103058129099,0.1441534438855367,0.0737127799358061,0.2073715019242151,100
23,100M,0.1626498276243594,0.1188403878766158,0.1499385345123515,0.1335375623112087,0.0813247969439693,0.176684881191773,100
24,100P,0.1706434847621915,0.1340903828874604,0.1805031403762219,0.1337139290041412,0.0781902569728883,0.2793763608379393,100
25,100T,0.1288223705381485,0.1138540931782698,0.1290621583768353,0.1165935620520546,0.0641572597701649,0.1918941263279371,100
26,100V,0.2191560879722073,0.1772092005744719,0.2028303817545615,0.1623574301301045,0.0850276958522497,0.3042578800153243,100
27,101A,0.116737584646802,0.1420508563118546,0.1139245753796518,0.1601040039286719,0.0564767807543855,0.0903014684021551,101
28,101C,0.1656354307213095,0.2095556725915207,0.1606373107587241,0.2102327513850925,0.0700839793798852,0.135570625757645,101
29,101D,0.1962205828793929,0.2085270825168357,0.2009278703518003,0.2049199394367709,0.0855887321011179,0.2529960630891417,101
30,101E,0.2168378554064461,0.2331857778424984,0.2153430205060983,0.2166979083589828,0.0860502811578312,0.2250610216801474,101
31,101G,0.1354170146928934,0.170403146226294,0.1346299184468939,0.1722028890511512,0.0707470228035888,0.1131182937831033,101
32,101M,0.2527125663047777,0.2239423892769815,0.2313042054001635,0.19834548464777,0.078594570350683,0.1934984687047578,101
33,101P,0.1778197577099328,0.1976494675024182,0.1565979467316991,0.2084967281237291,0.0823097487605146,0.2088639159638496,101
34,101S,0.1866593009003206,0.213034961222668,0.2031947654886803,0.2019257705984284,0.0759494849591207,0.2482711180082611,101
35,101T,0.2234710811933212,0.2284702248196346,0.1955128112621977,0.221320996566292,0.0771707321278653,0.2665762205850854,101
36,101V,0.0881759768279329,0.1328048489318055,0.1041689190772314,0.1405285353485484,0.0608422057827966,0.0863555614916156,101
37,102A,0.2034289791283318,0.2047747288573185,0.2071721296913846,0.188512233788938,0.0943222970072817,0.3160787438252974,102
38,102C,0.1769173922794661,0.18274076606691,0.2012170336205708,0.181374006634382,0.0708529400918589,0.2922779367351265,102
39,102F,0.2097952746849359,0.2123295824680096,0.2390604666810294,0.2177496595811058,0.0843657938652562,0.3188381060469144,102
40,102G,0.1322048671660855,0.1188309369119642,0.1437559593260296,0.1334019444477365,0.0596830532923157,0.1890332828495144,102
41,102H,0.1096310767362623,0.1113311942212889,0.1137516530002715,0.1008917085201137,0.0567885283086937,0.1546049818114783,102
42,102I,0.1524501496542736,0.1901979513870802,0.1781506234349345,0.1884284749753886,0.0652359790544347,0.2735948701111257,102
43,102K,0.2026709502170922,0.1883086348781295,0.1863192773950727,0.1675051302486548,0.071441047554951,0.2849355131740166,102
44,102L,0.2033011345458003,0.2072760073459213,0.2287649772538589,0.1849096614594822,0.0929320232027919,0.3194260217145731,102
45,102M,0.1967044577013,0.2062317324832962,0.2350063160854692,0.2018520730305621,0.0923322629363845,0.3021745169713122,102
46,102N,0.0938033604270306,0.0947730038506219,0.0963567082750881,0.1056645412357491,0.0415538861435955,0.1366623178808542,102
47,102Q,0.1677302092128603,0.1593465216140853,0.1611823990461635,0.1524585010640877,0.0684698213943481,0.2662555312233129,102
48,102R,0.2121954485619518,0.2028711749556982,0.2078913875399901,0.2008860773879475,0.0872078458450141,0.3053023607288812,102
49,102S,0.1632593499580973,0.170582960595733,0.1932319903549003,0.1709570794861167,0.0745425045715394,0.2703783931593628,102
50,102T,0.1021499364430175,0.1151153258471948,0.1485790597326627,0.1156148337734196,0.0465249665275222,0.2058126324769085,102
51,102V,0.1599538147704324,0.1710761664197161,0.189282038872259,0.1776753331749341,0.0653144868150468,0.2651753745550282,102
52,102W,0.2137427076839044,0.2018044258799518,0.2140769890848302,0.2094241021516759,0.0727722996343208,0.3437051196566623,102
53,102Y,0.2373636707932574,0.2095146264753714,0.2216434528019287,0.2202035500061275,0.0867652088195927,0.3209515384526267,102
54,103W,0.0710155256552885,0.0623780316819603,0.0792671201591007,0.0772408513205657,0.0267608158223346,0.0797020983884719,103
55,104L,0.1962714901466534,0.2292189417026056,0.1864822046059219,0.2140350725192001,0.0797003350238335,0.0641815808473627,104
56,105A,0.274427355137975,0.2671246413776034,0.2507523370863698,0.2509968562681787,0.1028821520523472,0.1936236951475218,105
57,105C,0.1943060264778601,0.2402643402494138,0.1605425763698555,0.2277386798580918,0.0863809090391512,0.1227881986757413,105
58,105G,0.2613128830922723,0.2442534311752043,0.2277699277345884,0.2391676683697562,0.1139226402476876,0.2308208347725124,105
59,105H,0.216926540330507,0.2199763664238146,0.2090995990631451,0.1996439203218314,0.0857416228177637,0.1527043731805601,105
60,105I,0.1973788416364584,0.2400030294417645,0.1736365081508787,0.2307204576297309,0.0840729111849991,0.2181204754656955,105
61,105L,0.0990817387499588,0.1562013975711638,0.0723787202241603,0.1074356372905317,0.0472887330312985,0.1199293610783452,105
62,105M,0.1779743405107181,0.2151566857370841,0.184958141242751,0.211242393240346,0.0942244293806547,0.2046850166533049,105
63,105N,0.2704457444772538,0.2567581745611007,0.2471350337356659,0.2495437809760958,0.1028261874638688,0.2740977279534229,105
64,105Q,0.288470040160995,0.2407026296453916,0.2228784583380597,0.2328873482988036,0.10601549130341,0.1636244521722306,105
65,105S,0.2816856322680729,0.2719289857037801,0.2322494152732295,0.2498455423925802,0.1085802418955517,0.178200646885707,105
66,105T,0.2714987973360449,0.2684924879379655,0.2296599315468698,0.2474974260607829,0.0935130645136683,0.1474104885735011,105
67,105V,0.2302747834867607,0.2522638938388384,0.2236619388548055,0.2453653006221383,0.0933657487442368,0.2132932975863306,105
68,105Y,0.1669010624975626,0.0986061190592066,0.1833134819707108,0.1113729343926149,0.0616078721436185,0.1174233335628523,105
69,106A,0.2183471767535653,0.2008059549291106,0.2146239585731515,0.1982958051128622,0.0888603953693902,0.3410968557996582,106
70,106C,0.1760164165108111,0.1694203583851538,0.2122944430584465,0.1555410680118248,0.0621020505629252,0.3068950981926004,106
71,106D,0.1715427028307934,0.1531028164056474,0.1472394797671673,0.1540104021244671,0.0602636950879073,0.1946848660095154,106
72,106F,0.1818956562738171,0.1837574804435342,0.1929650227125121,0.1684136157647331,0.0608930980599751,0.2267220071588724,106
73,106G,0.2174202410144842,0.197716195936322,0.21789757164238,0.2038988400834405,0.0860683540169349,0.3497390571177092,106
74,106H,0.1466196821208405,0.1517786869386628,0.1226478652912914,0.1330167139996879,0.0671945016382952,0.2157769232305725,106
75,106I,0.1534769064474254,0.1261586972557776,0.1230457167634399,0.1179891951891566,0.0375198528413,0.1906156708069479,106
76,106K,0.2493522871379965,0.2467009724625543,0.2644224917784041,0.2323381188887003,0.094855668528001,0.3601751965480719,106
77,106L,0.1553297820059684,0.1587930073524797,0.1881704184666314,0.1498871393171663,0.0629388559363731,0.2231102377760246,106
78,106M,0.1223547099000697,0.1278926061570837,0.1736626057077792,0.1460277872024112,0.0596744388648412,0.2190342768116483,106
79,106P,0.1982881096475274,0.2053004404347504,0.1884988673628594,0.1896243474201185,0.090444803790209,0.2502806643117245,106
80,106Q,0.2292217497297149,0.2355857870034985,0.2449620959202774,0.2174280075164648,0.0942167663138365,0.3673538949404175,106
81,106R,0.2426220320937929,0.2377645462295454,0.2486421415870393,0.2142898121790951,0.0985310711853741,0.3552579962028613,106
82,106S,0.2432537367864244,0.2489368279227886,0.2468663251603693,0.2277436585063369,0.0932835717751736,0.3553061780389882,106
83,106T,0.2376830526454659,0.2151911423383319,0.2242309002958883,0.1973350522607126,0.0794210183472388,0.3219733729221207,106
84,106V,0.1242161984003637,0.0999909563486438,0.1091211341989618,0.0933164326686794,0.0428842882720254,0.1786291240938786,106
85,106W,0.2169770149112233,0.1606297494239863,0.2217093933147866,0.1394972025268842,0.0654770390328162,0.3307734297456484,106
86,106Y,0.2391377132260237,0.2187080324117981,0.2703444023614335,0.2145877550514697,0.0903797390729323,0.3325296820694928,106
87,107C,0.1763673826726761,0.2037523801482584,0.1874215869308507,0.1830882886695739,0.0876363317557243,0.2617835711266287,107
88,107D,0.2760275095191337,0.1772242769736067,0.2240832194485015,0.1456170638668066,0.0800828762035318,0.1758093939847906,107
89,107E,0.2459218263012499,0.182928433595978,0.198170689971642,0.1285726182714829,0.0740866969274479,0.1660646532289751,107
90,107F,0.227195841926072,0.2199102361466237,0.2384377910572991,0.2150800080111229,0.1140295479348265,0.2847160442969041,107
91,107H,0.2161844526894151,0.1519618977004579,0.2010658549193217,0.1280751915270148,0.0782744904062412,0.2163821225814799,107
92,107I,0.2054391536286138,0.2621976042257035,0.2400516584671849,0.2343675616951519,0.1088491998269617,0.2765589567249121,107
93,107K,0.1855549577794433,0.2241345347957027,0.2098339857405671,0.2108593015049352,0.0753365355054038,0.2786746356021233,107
94,107L,0.2044766642439833,0.2541047777060624,0.2415061975457009,0.2398127996303848,0.1000096997934801,0.2631140443634852,107
95,107M,0.1573693678412203,0.2228530208809252,0.2091445255975271,0.1919820625220125,0.1000092924329659,0.2843224122446697,107
96,107N,0.0975045072945922,0.0705022432431806,0.1147970269966341,0.0482126428128585,0.0340228220247572,0.1154249531793412,107
97,107P,0.2801607163178494,0.2224878276085447,0.2800303457424214,0.1965283149474215,0.0964018663934254,0.3146735184100266,107
98,107Q,0.2243920620864719,0.2062931343707144,0.2077005528522331,0.1910142167738698,0.0709649222313858,0.2812889628834227,107
99,107R,0.1405372207249818,0.1819304908505163,0.1951294866906576,0.1667741388458444,0.0727951144810614,0.1904237914589508,107
100,107S,0.1577501588370448,0.1466436948732521,0.1714123662907951,0.1283093314360263,0.0538247151049953,0.2624281942329544,107
101,107T,0.2189530918577676,0.2387653429319098,0.2403945897128375,0.225458790443415,0.1091389386836577,0.309759763673789,107
102,107V,0.2042707958033885,0.2414234891256435,0.2473610462557084,0.2187254654887593,0.0953195462262433,0.3003150655446394,107
103,107W,0.3024234948470678,0.2434967067558321,0.286060901132687,0.2175888179620113,0.0974656981806804,0.3218782173788731,107
104,107Y,0.2879085664102264,0.2036706802565387,0.2589204519641241,0.1806665455597868,0.1070108950039595,0.2664178556109698,107
105,109A,0.1557091958083704,0.1565708152463165,0.1911057631579321,0.1499754516441203,0.0673455470241072,0.2711083388274453,109
106,109C,0.1344827584578276,0.1367913219624742,0.1536094034908968,0.1509397952650539,0.0696100281081299,0.2623925742749972,109
107,109D,0.2178030646179918,0.2341604799195906,0.2662082789665602,0.2174586381089254,0.097894226661804,0.3450045591760272,109
108,109E,0.2171535045875202,0.2200038573217401,0.2444220404585431,0.2113173641784527,0.1059295968620974,0.3083371363826364,109
109,109F,0.2299268331820348,0.2228527445436284,0.253531459416066,0.1945643316057341,0.089157958852084,0.3556402987238782,109
110,109G,0.2049620468039023,0.1975819132955996,0.2319479727513504,0.2016305642886419,0.0803755437192799,0.2847473020335108,109
111,109H,0.2158008165518221,0.1818885289200736,0.2209566326773604,0.1796390457974974,0.0762386211312786,0.3064297965352465,109
112,109I,0.0794227647684088,0.0839697152746939,0.0774661749144813,0.0717237272182945,0.0411946733694793,0.149080059723354,109
113,109K,0.1263825789571422,0.1181442285608965,0.1605623965402162,0.1123188015046198,0.0597832247867036,0.1620083845475043,109
114,109M,0.2105131522458025,0.2102820168571727,0.2434891300053793,0.1928789632751058,0.0764133187038644,0.344055492595602,109
115,109N,0.2015101352662274,0.1957718834905057,0.2199084946630385,0.1765483753688075,0.0863251017843787,0.3191820702582447,109
116,109P,0.1221437605688445,0.1107303869779188,0.1384145689359697,0.1181746435037717,0.0600648259597453,0.2384919919465375,109
117,109R,0.0829997674871774,0.0910883249463874,0.0712127197404466,0.0613496458086999,0.0370024777190226,0.1396661988594944,109
118,109S,0.1610880419660046,0.1635832295968021,0.193486329693515,0.1585759956401459,0.0774473033616029,0.2868748384629727,109
119,109T,0.1024098160424605,0.0881775613291258,0.1106481692269417,0.0894644823382304,0.0386414132070749,0.1929646180988975,109
120,109W,0.1943615852282672,0.16540332707563,0.2089002143608159,0.1891231788526073,0.0706756855238228,0.264035722517568,109
121,109Y,0.1920548796640118,0.1647000686578953,0.2197284882708694,0.1614946209888059,0.0797239405380751,0.2880496658865276,109
122,112A,0.1945332884142825,0.156901190656671,0.1906408884753473,0.1455085408452639,0.0797093262874151,0.3138663080483889,112
123,112C,0.0815190228136468,0.0515692677049735,0.0580201815799878,0.0404793882548586,0.030941899887541,0.1065587902519835,112
124,112F,0.1816917485271436,0.1546774515443441,0.2021805049573237,0.1467481697140871,0.082048775635304,0.2788854705805094,112
125,112G,0.1210284825368761,0.1151922514981209,0.187198346449109,0.0746708552607699,0.0933161460219062,0.1673583013646754,112
126,112L,0.2034768979805812,0.0939794051376816,0.1688716998277792,0.0839486216269919,0.0674186286490998,0.235309996954574,112
127,112M,0.1839600527874985,0.1028677956679183,0.1416893611540713,0.0882967419758006,0.0900217348628268,0.2361194651350538,112
128,112Q,0.2176708138656465,0.1480520323608193,0.2127296569634948,0.1604050777116721,0.0923757067399468,0.3074366665929547,112
129,112S,0.0864256332978075,0.1100172224678464,0.1344093547941655,0.1048368935007455,0.0490338138009771,0.1584329653531278,112
130,112Y,0.0617640798063535,0.2088364047397576,0.198576176124001,0.1820856309958398,0.0892255776904053,0.109963414282652,112
131,113D,0.0552223426487239,0.1291594485079839,0.1387137621362588,0.1158100017768223,0.0742994811542477,0.083290326649548,113
132,115W,0.1031962270562167,0.122348768268466,0.1370133928598026,0.0992996262687593,0.0588202923854883,0.2486100276165966,115
133,116A,0.0540850354040736,0.0531333595304445,0.0578463414298419,0.0495188324579752,0.0248234181022351,0.1196981828702568,116
134,119D,0.0609871971147385,0.1490516050883195,0.164988527813656,0.1462126450684979,0.0971356323758035,0.2945829202788714,119
135,119H,0.0916218258270953,0.1327895832991548,0.1480097397853593,0.1291097350878332,0.0835948630898162,0.3574299385819814,119
136,119I,0.1461893178809894,0.157416511805429,0.2297775899259004,0.1418317372432871,0.1124230392774241,0.4161856486786534,119
137,119L,0.1356920641035786,0.1826540077847253,0.2281672186380147,0.1824139256665194,0.1157937278623097,0.4205685918100583,119
138,119T,0.0646415367091202,0.1594463102408332,0.1685162915824334,0.1460439089548797,0.0741073502923233,0.3215273351010832,119
139,119V,0.092601178461391,0.1340324498022526,0.1873478311374828,0.1220277769350944,0.097194995397502,0.331614813795231,119
140,120N,0.0567420420696605,0.1149490445448999,0.1356341920813479,0.1128925363693253,0.0674791563867185,0.1057249572363723,120
141,123G,0.183153966489298,0.1426016698685142,0.2447670006398196,0.1487456140056935,0.0918649476332169,0.3432329266310334,123
142,123I,0.2360907033149785,0.1295545193097536,0.2176174906381656,0.1316337507584709,0.0929493381918886,0.2133487819367839,123
143,123V,0.2210335303418604,0.1690803220435645,0.2313263184767667,0.1766437510119025,0.1149555976992625,0.24686498585371,123
144,124G,0.1124431256355519,0.114766115187346,0.1974992473837062,0.1219542740320895,0.0756435404712846,0.1287324524886959,124
145,125A,0.2615513800022772,0.133302452621158,0.2237879913705759,0.128328699610911,0.0734785782684511,0.3393523415469091,125
146,128P,0.0639331446144688,0.070260950284985,0.1060091524720669,0.0577941156234018,0.0340950303523519,0.1275155240594072,128
147,133A,0.052882853525932,0.0744113718475628,0.1376507242717726,0.067519913143628,0.0418167068694191,0.1880657246658041,133
148,133N,0.1489667492030388,0.1097096487866317,0.1743905458690101,0.1051402630340861,0.0540389982243004,0.2609123671200316,133
149,134G,0.1594924306252532,0.0364774724441132,0.1001432192693265,0.0520360673973246,0.029742807825935,0.0623746481375239,134
150,134H,0.2769024556052079,0.2274937341666962,0.2827863133900241,0.1868660521362647,0.1134476384486553,0.4122638263486541,134
151,134K,0.2069037722528944,0.1113243291284875,0.1916397124501398,0.0785698915801615,0.0489505704125098,0.2222088692541213,134
152,134M,0.2489031747393668,0.120194605196075,0.2049222332879881,0.0979053137997679,0.0333462696710433,0.2412498456384396,134
153,134N,0.1601740196027532,0.1192141759090449,0.1754639613031595,0.1065595612245172,0.0454293107292122,0.206185335962385,134
154,134Q,0.2185873357388735,0.0920181328213955,0.1993564940095916,0.0445946287500738,0.0226963918497821,0.1890616683116166,134
155,134R,0.2212100956837823,0.1232165061676326,0.193574026629848,0.0910322719028463,0.0648028544617553,0.2405904110314108,134
156,136A,0.1202995973141307,0.1553542657638137,0.1757748702898732,0.1381838188735694,0.0694767924285535,0.1424743203417487,136
157,136D,0.1021796781935687,0.1172414827464244,0.1430227482714699,0.1124186712359725,0.0747784411503893,0.0840895672680833,136
158,136E,0.1051320793135321,0.1705199004570302,0.1585154867120898,0.1587580581313988,0.087848743711375,0.0954424967757952,136
159,136F,0.2284982854745937,0.2586357333677009,0.2849987635028449,0.2227399124275905,0.1017285382164216,0.3554641282075665,136
160,136G,0.1356683685119066,0.1446415920603339,0.1532890271026822,0.124867756613763,0.0656767397736117,0.1383441451502443,136
161,136H,0.2071752444481716,0.1820188932057467,0.2230557985349855,0.1557574209446502,0.0873299005571861,0.2736787779374225,136
162,136K,0.1428888105357748,0.0900600427668547,0.1477296760861725,0.0856852496361709,0.0312688833989907,0.0824255417056971,136
163,136L,0.0777766954400972,0.1062316410809575,0.1089659075611998,0.0813027435367488,0.0424073411050025,0.0642917818172226,136
164,136M,0.1997825076187043,0.1962390613166523,0.2232843082472969,0.2091062956896855,0.0783451643473722,0.2290397080607904,136
165,136P,0.1639559757197103,0.1420636631532406,0.164323648351,0.1171907345823755,0.0516507627303373,0.0896193018898425,136
166,136Q,0.2154233138617942,0.2469326899847895,0.2380514973368203,0.2229942806318217,0.1032217269404857,0.3073330551099931,136
167,136R,0.239196133147725,0.2441855910004908,0.2887729390312759,0.2224923289945563,0.0914172200728208,0.3703398625720054,136
168,136Y,0.2492684067290353,0.2488173551693097,0.2543498346296324,0.2274278509038588,0.1056054209381629,0.3865489129581329,136
169,137T,0.0436149833288623,0.0670376280716518,0.0332659952419141,0.0700302876142349,0.0275771268761602,0.1053288156348745,137
170,139I,0.2973470201053702,0.1470573192335346,0.2460539604751271,0.1206860480679914,0.0653528240920853,0.3114854040379107,139
171,139M,0.2444587096649662,0.2153441088980771,0.2197355408593141,0.1571865146982891,0.079858367096302,0.2206792888300095,139
172,140A,0.2627483843374122,0.2681395470301424,0.2974889621484976,0.2355116464500778,0.1097363652150325,0.3615495314378347,140
173,140C,0.1578653134819104,0.2041457516169983,0.2045483805102162,0.1761298022841457,0.0883769078871344,0.138028394966719,140
174,140F,0.2379280601611025,0.2364058328939332,0.2608165046287551,0.2088459501937146,0.0833977601230041,0.1905936544426379,140
175,140G,0.2288934268449912,0.2379929161217382,0.2588436654456491,0.2013756174374266,0.0811555826924433,0.2260266463749578,140
176,140I,0.1044626558043883,0.1355493389167502,0.1033173645204252,0.0635257933669977,0.0623620562026586,0.1187860295550067,140
177,140K,0.1855768155982912,0.1782976608695522,0.1869913480207004,0.1542620662979306,0.0521466293869608,0.1283348185708949,140
178,140L,0.1830242787839599,0.2052990234394635,0.2193540980560978,0.1819183520072332,0.0843460337806986,0.1988146671242049,140
179,140N,0.2340930920043865,0.2355578770321253,0.2601636323207746,0.2057549358319224,0.1008316636207334,0.299590283586909,140
180,140Q,0.2294122215869528,0.1981701634505387,0.202795251173881,0.1610954581079829,0.0643592430813965,0.1235801294069938,140
181,140R,0.2044764797074795,0.2173867620627317,0.2145552821306052,0.1895327319156105,0.069149755029429,0.2251848550798234,140
182,140S,0.2535620855345752,0.2443251102047925,0.2777324708597747,0.2182555030822924,0.0929201598806836,0.3304330555908821,140
183,140T,0.2498872515928009,0.277978899222922,0.2793216099660562,0.2474409998270141,0.1205169930349026,0.3800695962372476,140
184,140V,0.2247698743651566,0.2473289199171731,0.2696236310383799,0.2343095982926614,0.1060319332363767,0.3223541038412597,140
185,140W,0.3021143572253939,0.2707859654154159,0.2993516677351826,0.2264339225694124,0.092437577419739,0.2669059061738669,140
186,140Y,0.2311286003533005,0.2070262133747097,0.2232008813492411,0.1839742295465501,0.0646444814013572,0.0983645083773739,140
187,141A,0.1231932139202718,0.1456687424707901,0.1734089815120661,0.1572801942131793,0.067369165734385,0.2095631789075664,141
188,141C,0.0817806416878821,0.1228302570855242,0.1438118088674243,0.1134015587888249,0.0615982279805681,0.2183768356400399,141
189,141F,0.0805424108636451,0.1946842825063311,0.1919015503898112,0.1784005913121813,0.0882410852660577,0.2946440165220162,141
190,141G,0.1139194546174593,0.1907597274696879,0.1776442269804873,0.1683041143517743,0.0964474479647429,0.2396307730983359,141
191,141H,0.1436848848822759,0.1871495698730537,0.1980511907822634,0.1785480666729651,0.0967127352510285,0.284182534415203,141
192,141I,0.1231867973863922,0.1819704121941759,0.22940415576288,0.1630559139550393,0.0875994902074727,0.2748555310255114,141
193,141K,0.1282507032688847,0.1837496765257953,0.2066732711755549,0.1772224914782091,0.0900702512938433,0.3165947745185451,141
194,141L,0.0740251037836631,0.1275717226309201,0.1438602149658914,0.134023187445511,0.0599943578985672,0.1900850707566033,141
195,141M,0.1943461579830757,0.2056221239226446,0.2317642670679834,0.1828807863278831,0.0879643165537754,0.357690643626245,141
196,141N,0.1079018921548602,0.1074965103030687,0.144908197994374,0.0937774510269286,0.0432790974418564,0.1901028410454814,141
197,141R,0.1770197813493462,0.1912158254699264,0.230534765126162,0.1843132996936321,0.0867634738390439,0.3440172295959209,141
198,141S,0.0966090742858349,0.1232814741006095,0.1602843576575499,0.1251193500080243,0.0625161656026021,0.2076260133546998,141
199,141T,0.1828963177506625,0.1859679697812247,0.2399470228983369,0.1724476750323399,0.0868330583275584,0.3457875512402809,141
200,141V,0.1610946432413889,0.1961387120285981,0.2419018697191829,0.1714816439340804,0.0896702701867251,0.342191227436301,141
201,141W,0.1575741871771399,0.1808416957210739,0.1929159579354692,0.1694560846586708,0.09067798919037,0.2926126824046725,141
202,141Y,0.1475561429198682,0.1986869813043299,0.2300338117308447,0.1766955463880901,0.0838261382546277,0.3287006256530417,141
203,142A,0.0480032482690477,0.1512834939219192,0.1561437353683517,0.1380443485222703,0.0623031784841558,0.1433226038014173,142
204,142H,0.1020116833230658,0.1055030416378277,0.1000597489758488,0.037954836663914,0.0420068891426771,0.1898188369437576,142
205,142T,0.0637682809220982,0.1341902245988961,0.1781079156004829,0.1374597957136918,0.0530252945187625,0.1485303405542201,142
206,143E,0.3408153718229409,0.1170752316424746,0.28344346149379,0.0773417522758233,0.0353077553823814,0.1754681880007065,143
207,143R,0.4330519748581442,0.1468568588020914,0.2545226925824166,0.1149467072768689,0.0312567154927321,0.4571308286455474,143
208,143S,0.3507052847328445,0.114242767841102,0.2734224278418755,0.0637005185716288,0.0403229449465536,0.1381669339552308,143
209,144I,0.2882464576453131,0.28998286064364,0.3188487213375308,0.2670126795588962,0.111973499932563,0.3801477973015004,144
210,144T,0.2591334411936974,0.2336787127920097,0.2964164844951554,0.2235817713475635,0.105561747875769,0.3998483805131836,144
211,144V,0.2856483530647147,0.2781894451925103,0.3076959881645443,0.2595151671167452,0.1198371222744506,0.3970299068702618,144
212,145E,0.2618933012961247,0.2334877771740579,0.3061862079893556,0.2135934090377442,0.1102154988367484,0.437779215565328,145
213,145K,0.2247439376354391,0.1263207101510091,0.225921451129296,0.1179100326240246,0.0769400754247673,0.4154948552735023,145
214,145L,0.3307756030079408,0.2398710544605859,0.3445592053748962,0.2211280377404508,0.1103483357269118,0.4999028516915648,145
215,145Q,0.2181574472084254,0.1545955448745506,0.208616896614962,0.1435594667420342,0.0829169452394156,0.3463487940607329,145
216,145R,0.2896802747616233,0.2420580132559935,0.3082614334113246,0.214116209446029,0.103732197494684,0.5025825140637835,145
217,145W,0.2038435010354194,0.1890101388836553,0.2190965204151646,0.163016932982692,0.0786901057118037,0.4083155391124665,145
218,145Y,0.1143019953833451,0.095515012423206,0.1248638036561788,0.0970117152107387,0.0496034641287206,0.2417801711169314,145
219,146F,0.1954046893698617,0.287021839884236,0.2693610423780579,0.2518146750625889,0.1057146496422026,0.4264330671467254,146
220,146G,0.2343389617010622,0.1859815232807557,0.2668020856363214,0.1822251744219785,0.0889112403824984,0.3962073394364835,146
221,147H,0.2026526054899224,0.1761843585624176,0.2144504811602763,0.1703007851905503,0.078813108555034,0.3037511953813302,147
222,147R,0.0930960262493907,0.0633025324142771,0.0815019794340523,0.0785557902842399,0.0302710389829311,0.1168323782321061,147
223,147W,0.0878722598180394,0.0876482718913167,0.0785567807390897,0.0475622360412357,0.0576922957714108,0.0962867963792563,147
224,148C,0.1604779626643301,0.1602096433629582,0.1899966391406862,0.134882330119276,0.0656649947080482,0.2797961855543316,148
225,148G,0.1692350055047914,0.1620504144580327,0.2065826001685485,0.1488728987522146,0.0606443387184928,0.2840950404914801,148
226,148I,0.2143565862532463,0.2044620335861736,0.2689614294858818,0.1970942056819827,0.0973685795470869,0.4135837586189009,148
227,148P,0.2336344077767443,0.2527870683305195,0.3024562119631654,0.2390995607486904,0.1075477049763879,0.4705607045845169,148
228,148R,0.1862337864198427,0.1605662766249214,0.2110786349989817,0.1414409938087904,0.0821431529080137,0.3391799109807333,148
229,148S,0.1711839812544405,0.1663185845869739,0.1750723074025258,0.1547158732174148,0.0728575281492776,0.3297889592138613,148
230,148T,0.1175016866561337,0.0956032060372415,0.1484925115165733,0.1024247096645842,0.0464113544518632,0.2106857270358533,148
231,148V,0.2735031211942341,0.2384762289129475,0.2691786298885004,0.2124052469452181,0.0925345251765736,0.4751749187566361,148
232,148W,0.2102080973973666,0.2009666359618848,0.252410977541438,0.1784465479896326,0.0807226402384976,0.3384174791731828,148
233,149C,0.2094889238401196,0.2289037405595786,0.2783943030710899,0.2289973824556227,0.1204138604847543,0.4797997492109777,149
234,149F,0.2862098600370829,0.250329312017342,0.3713199156557817,0.2347389156310746,0.1385070199105155,0.557762335055922,149
235,149I,0.115582349739195,0.0882413506022707,0.2011165410680045,0.085458616733202,0.0933681906997128,0.4307512931154211,149
236,149K,0.1816107292302146,0.0687925016505041,0.2254001884907446,0.0673881702909993,0.0922114259018619,0.3997448794199668,149
237,149L,0.2087397000815793,0.1916688728622856,0.3256579705453248,0.1830631876042738,0.1294691844967075,0.5432604795664945,149
238,149M,0.283615685602986,0.2310744056571711,0.3405461734159233,0.2246385757916377,0.143063311291312,0.6110570619389649,149
239,149R,0.1297419501212728,0.0524573502763902,0.2076975109591069,0.0481299909487325,0.0742217444700166,0.3379797736935069,149
240,149S,0.1033482875118712,0.0793443400306652,0.1358414669476855,0.0924309736472091,0.0675226452192128,0.2256982013230169,149
241,149T,0.1779542155986271,0.1511511896234629,0.2496665192135377,0.1452823912362551,0.0955691375348585,0.4399341103947212,149
242,149V,0.2247994150241178,0.1774794766769786,0.286987583009965,0.1714645277741296,0.1019072447875365,0.5165252510433993,149
243,149W,0.2662084479947286,0.2349845913545186,0.3201861165476373,0.2110059720806587,0.1026087116025784,0.4874975274253774,149
244,149Y,0.2877800537891741,0.236688113450025,0.3629817643128816,0.2269994203233186,0.123549170629903,0.5376658492682114,149
245,150F,0.2167865863220257,0.2025678930272736,0.2187306502840821,0.1879475034029957,0.0835950423250025,0.3546837874060697,150
246,150H,0.1456816317459978,0.1297870802089188,0.1850080284545268,0.1280045479609607,0.0653769821651407,0.2522402964487772,150
247,150I,0.191145325136088,0.1893062523860294,0.2109572425020302,0.1634316563837233,0.0778422539234773,0.3689073947450428,150
248,150N,0.047457456925424,0.0984117519491613,0.0569369130259634,0.084704438863025,0.0399904303381767,0.0575776011755636,150
249,150P,0.048770599111156,0.1307108697404547,0.1649574674805135,0.1275962605404165,0.0760887401065036,0.1704732047630534,150
250,150R,0.2045652969431562,0.201708981926654,0.261349447989683,0.1846256732118538,0.0992753747738786,0.3637093671658263,150
251,150T,0.2064406381941044,0.2017023064937113,0.2414466635987218,0.1963115497154265,0.0826388814174643,0.3331625258080063,150
252,150V,0.1531574370939217,0.1804031964295434,0.2146303128696438,0.1620864308843244,0.089198287531618,0.28930914314285,150
253,151N,0.138783496222057,0.1422193900975519,0.1587397437534046,0.12316569054186,0.0541910612168168,0.2462885581606134,151
254,151S,0.051503662443181,0.0732073189695091,0.0862585277589904,0.079873099731182,0.0411538263327953,0.0804375561002373,151
255,154A,0.1331289776627046,0.1411251437809346,0.1662898221553869,0.1265474628521136,0.0574514139754092,0.2460876359002109,154
256,154C,0.0890573119098083,0.0508861400934064,0.0765213058505004,0.0515839282534252,0.0318610972093166,0.1243712220472805,154
257,154E,0.2920980274248034,0.27650459541628,0.336805407629952,0.2545045907272945,0.1211681582521679,0.4670703228251239,154
258,154I,0.1352397751210603,0.1519572020166248,0.1744203842804595,0.1418908584070259,0.0697673622929413,0.2001099749883736,154
259,154K,0.2214491709131551,0.209657157873971,0.2780626178257503,0.2059806013520372,0.1051695282760237,0.4282276099603096,154
260,154M,0.2264011886721595,0.2044327687324068,0.2399889933204152,0.1940131313449273,0.1007694342833531,0.3528942499821338,154
261,154Q,0.258333709414982,0.2560875385915022,0.2912649067404996,0.2306440928281421,0.1018054189678739,0.3881196367556753,154
262,154R,0.1463855010077674,0.1084841318743159,0.1841706150114156,0.1161829844106779,0.0683762553305676,0.268894354069537,154
263,154V,0.1809725283888498,0.1865506600894345,0.2113386374411828,0.1806990261182985,0.0760808642107838,0.2749199080588315,154
264,154W,0.3130237499610302,0.2424089364157267,0.3545329916679045,0.2322258552685809,0.1284406515164051,0.5437487828323753,154
265,155I,0.0620652929336847,0.0355158566646851,0.0747288056285483,0.035275935039212,0.0411060597713973,0.2696572194391412,155
266,155K,0.0399143773169401,0.0797744026490285,0.0616701993363663,0.0664521960245742,0.0398581822015679,0.0993479584085784,155
267,155Y,0.2255175973586097,0.2315481935765841,0.2843510709366775,0.2180289771967994,0.1060020411320204,0.4292122513822269,155
268,158A,0.2379220742016508,0.245155480413897,0.3169429241238941,0.2405210129851597,0.1202258923143998,0.4538636503292365,158
269,158C,0.2073803976169606,0.2087829570255168,0.2699202428341493,0.2018224264360534,0.094350459334413,0.4079606690720108,158
270,158D,0.2282928782161352,0.2572973710924644,0.3007922944177778,0.2370298100428591,0.1267942444377772,0.4572623743730893,158
271,158G,0.2686101011566612,0.2693244500005674,0.3343882493509595,0.248530480266628,0.1263619902632652,0.5143151774154364,158
272,158I,0.1631897560423918,0.1655929573418983,0.2193408348639299,0.1580557844038465,0.0750965702877416,0.3098041025616356,158
273,158N,0.2500452732808803,0.2423659993508433,0.323669766491571,0.2243764250281088,0.1190764808776624,0.4958551915709692,158
274,158Q,0.1660984323386682,0.2089995584204084,0.2275502665957455,0.1818746431874724,0.0996862643694969,0.2728666589739575,158
275,158S,0.2402113144479205,0.2480790642320818,0.3065706222338241,0.2431537127549546,0.1177324559096057,0.4441575127113019,158
276,158T,0.1907661404085188,0.2038094876187618,0.2598350202141433,0.1946392772115164,0.0963068817972645,0.336586985857681,158
277,158V,0.2431226377900307,0.2441114647964634,0.3059187855825095,0.2299285449234493,0.1049426347890835,0.4335145924912065,158
278,162G,0.162117672491335,0.2083653151797485,0.2218696738694945,0.1986937156110987,0.0911605139876919,0.2434509755573922,162
279,162Q,0.1430139332435512,0.1441578459834283,0.1793759800745828,0.1438375311768039,0.0688854326920279,0.193063260479901,162
280,192I,0.0497289141876121,0.1617035860238337,0.1425526231215477,0.1849351932015581,0.0766918991094295,0.1983700807084649,192
281,192L,0.0910534901793973,0.1743476973377031,0.1651929190944613,0.178138323478046,0.0786745859323432,0.1512173527797559,192
282,192M,0.0793222921824493,0.1381440485232904,0.1550277248123347,0.1596234316069848,0.0675284507011554,0.1443055328596335,192
283,195A,0.1179246245966258,0.2122147527902503,0.2038911757264151,0.2064571682915986,0.0839590188002894,0.2136092366031233,195
284,195C,0.1270812034272113,0.1316675401633582,0.1576301967734124,0.1342024389054253,0.060387410427438,0.1720025434538623,195
285,195G,0.1047155234046788,0.1892100200755637,0.1705605395605864,0.1869561823205168,0.0821839736987794,0.2269984169039107,195
286,195K,0.0705180781061788,0.1695340384306965,0.15147210691546,0.1648775894959915,0.0751946861194587,0.1138304632726239,195
287,195M,0.2041836388676781,0.2263811530575847,0.2690286933774593,0.2245668725904581,0.0927271383133778,0.2909080727129944,195
288,195N,0.0550102121213008,0.1609898869756214,0.1545282204670045,0.1498442630819869,0.0724987009932854,0.077999468728211,195
289,195S,0.1104220799595968,0.2374795027661061,0.2338162443554062,0.2398638947819004,0.0998435695877008,0.2500042160754064,195
290,196L,0.1294363106603302,0.2729256773461077,0.2571707032295121,0.2495760034844182,0.1128208292452399,0.338674496800823,196
291,201A,0.0961885031529368,0.1936629269738772,0.1812705856126471,0.1870264072792458,0.0728858295054206,0.1560967098619566,201
292,201P,0.085900276193258,0.2108471890229208,0.1670461036923836,0.2014875035303792,0.0524330304591808,0.142702420358671,201
293,204I,0.1887155778612074,0.2115257082628318,0.2564761121943774,0.2184431144744314,0.0898968851928132,0.3496882532903989,204
294,225G,0.1849879593948174,0.1789881601669707,0.3018179270262872,0.1907860677591643,0.1112842626860494,0.4162157244138715,225
295,230V,0.0424953436810752,0.0754328803356607,0.165843125708708,0.0811301147304097,0.1009563967602414,0.2445840036372217,230
296,231L,0.0606884494300289,0.1051141692149935,0.1230055050917568,0.1227378539581845,0.0512999525873923,0.2049863699785055,231
297,231V,0.0576488889991902,0.041942425197746,0.0825775251984023,0.0648218590444572,0.0334160112644368,0.112764132585204,231
298,235Y,0.0623144534505173,0.0418472172228009,0.0801911088412007,0.0860954657498367,0.044849454556269,0.1035771358498583,235
299,257D,0.061776684396967,0.1510462369589177,0.1867003657355684,0.1482033757345478,0.0834443974117907,0.165059956436485,257
300,257F,0.1441704757170223,0.2046380753990871,0.2794782489491977,0.2293159128441451,0.1122595736989918,0.2560002137784771,257
301,257H,0.2817551408812039,0.2549517437077628,0.3550307562012923,0.241385089321028,0.108975404388884,0.4066822313990831,257
302,257M,0.0598122600481902,0.165534662737702,0.2540230284781001,0.1693193303805662,0.0957853121600734,0.1574759840882385,257
303,257N,0.257095039351898,0.1335219672381345,0.292405460367286,0.1376006753680368,0.1075601528814049,0.3253330090748443,257
304,275A,0.2130039485455233,0.2220433016957826,0.3105699273779884,0.2229282251124177,0.129089390531214,0.3985352941609661,275
305,275C,0.1577804905691245,0.1615423516490782,0.2541027802333336,0.1766344541220047,0.0937886231694343,0.289445406736744,275
306,275E,0.2243877470401044,0.2348562536382868,0.2997476504539028,0.2201158615528705,0.09524495791417,0.3815339306797857,275
307,275F,0.2206709542282094,0.1954288657969871,0.3494759915398572,0.2175782131282087,0.1392864040003064,0.5314945102927453,275
308,275G,0.1828348167006669,0.1763184265443877,0.2672881236559614,0.1816873462840739,0.1142399414473736,0.3082855823511087,275
309,275I,0.1409862005529495,0.1825956992616536,0.2778557181294714,0.1852655527645413,0.132023286365799,0.3853954543972551,275
310,275K,0.207376555310622,0.2293001270193015,0.3408603991109293,0.2196287308228371,0.1311431636551748,0.4836945683042224,275
311,275L,0.0863731158156969,0.1226011441820619,0.2163129664976037,0.1455992422142245,0.106483385470052,0.360548014431959,275
312,275N,0.1739620064311504,0.2369073396560594,0.2436474923302595,0.2168056760886608,0.118793201212754,0.322317763431423,275
313,275Q,0.18518289705216,0.2100301522438469,0.2785459786164671,0.2154164692683243,0.120696462006394,0.3817161930456011,275
314,275R,0.2332944289581359,0.2348331860065475,0.3621132636992356,0.2373478095803786,0.1435198831263312,0.505720411918557,275
315,275S,0.1814685915292095,0.1806827528827855,0.2513820125492226,0.1875991932634725,0.1042145393995282,0.2745504600342516,275
316,275T,0.0506538903551512,0.1035950593440529,0.1170095942661556,0.1013215665752094,0.0775195367857917,0.1016043168164476,275
317,275V,0.2189385178966262,0.2501054376317707,0.3394677269263123,0.2470485566013684,0.1311897559573064,0.4692907255049859,275
318,275W,0.2478305191900195,0.2230373680971579,0.3649029309779066,0.2517829856006463,0.1580260150997842,0.5484273151600013,275
319,275Y,0.2014388411580971,0.1641658514344082,0.3398889724900096,0.1827419673169183,0.1301903160448883,0.4153054054130666,275
320,276D,0.1092191138554847,0.2281087630371619,0.3681392448596637,0.2086441283849773,0.1350089642793495,0.4185676835304455,276
321,276E,0.2458424554883336,0.1971720406118939,0.273527486949039,0.1757834332588338,0.0832440587708375,0.2943036234567088,276
322,276F,0.1927415240084976,0.2447219014615829,0.2713482629277643,0.1905135374808954,0.1020602153475418,0.2342024740215142,276
323,276G,0.1387002374711484,0.1619840729267084,0.2099531758614898,0.1592834949678674,0.0967553872143269,0.2623424335568244,276
324,276H,0.2944777092281957,0.2985716205216451,0.3664816127362168,0.2576873230630951,0.1349283346656222,0.4691359073635451,276
325,276K,0.0774159556642792,0.2457271213430742,0.2793165160314144,0.2266322743384281,0.1160697453849989,0.3052731624040224,276
326,276N,0.1837575165279014,0.2196994507163671,0.3065475170948167,0.1951293256495714,0.0886861421654955,0.3971674598349266,276
327,276P,0.2169662706500943,0.2290960611714186,0.3810109821182155,0.2381515629656455,0.1286455292693178,0.4922813394791641,276
328,276Q,0.1805101832913646,0.1580776274687317,0.2056804879862415,0.118641539134447,0.0820409903963061,0.2512459019893691,276
329,276S,0.1541333881118444,0.1314967364301483,0.1959812919393883,0.1108925089201193,0.0761105662790318,0.1689005260941594,276
330,276T,0.2350715692715743,0.2047867838854489,0.2701084646848096,0.1629016221252938,0.0961088055594666,0.3091874340640769,276
331,276W,0.2208803139371189,0.1626460715039028,0.3037347203991793,0.1692601280592693,0.1160518510375675,0.4497328354016321,276
332,276Y,0.2527686627585772,0.2231213370198884,0.3806035454565001,0.2217548876515224,0.1470496219628261,0.5548424691988469,276
333,277A,0.2160233058830727,0.253557613795499,0.2998607919565895,0.2400361845341476,0.128002887530622,0.381677410702758,277
334,277C,0.223014731132831,0.2525103863741793,0.3070754404253686,0.2287875852573656,0.1214292765799703,0.3974746303214238,277
335,277E,0.0889760137464045,0.2524981903668583,0.2796706628113588,0.2305061258892813,0.1141317160889701,0.330952288646077,277
336,277L,0.2665204796540332,0.3019840244292093,0.3461804073630938,0.2768098023705868,0.1294051482508336,0.4731478243504484,277
337,277M,0.0799913507044578,0.1000224448365015,0.1152442471335396,0.1025340593395717,0.0634801959167705,0.1220613787341018,277
338,277P,0.2249403840115482,0.2781212976690496,0.3151183837211773,0.2719317506274161,0.123144026700587,0.4221130704698194,277
339,277Q,0.0291325514685189,0.1204178259413408,0.13340605608202,0.1146619933493958,0.0773002048293679,0.1541159346377099,277
340,277R,0.0434974664474169,0.1758951482540787,0.2061337961508547,0.1718727997765093,0.1089806751828402,0.2885026516688327,277
341,277S,0.1399897239958318,0.2433351719479368,0.2724120486952368,0.2233927686438808,0.1196285400769379,0.3672277779848334,277
342,277T,0.2187277336605616,0.2760508660948233,0.3010015731435764,0.2501826841764691,0.1293333606334015,0.4460028729721434,277
343,277V,0.2395541151453181,0.275322712239506,0.3222015643180755,0.2464084638431586,0.1157431733908365,0.4327021078912035,277
344,277W,0.1521771776593852,0.2434898147419158,0.2870632786727735,0.2240109729457786,0.1214882781129454,0.3641308025848244,277
345,280I,0.0766357876662224,0.0650955616180163,0.0746464257616774,0.0480962332244958,0.0347697407599514,0.1336530276958038,280
346,280W,0.0472363762679965,0.2364161622819833,0.2565902121539549,0.216435723178481,0.1119928265841622,0.2757341451994656,280
347,292A,0.0700947878162248,0.0640153261422246,0.0727244569881379,0.0513724566801264,0.027700366156834,0.1682414515104225,292
348,292C,0.1815080957641469,0.1595765418056655,0.2182894727747301,0.1131082601471901,0.0792738123123236,0.2699239103065097,292
349,292P,0.2071789856500764,0.172875371092111,0.2600057386375376,0.1510841658710678,0.0858201444205393,0.3688086356339518,292
350,292Y,0.1724892586967898,0.2488439710698603,0.2565028487905793,0.2007209144719275,0.1014716320530186,0.3673006399051696,292
351,297V,0.0669106216452442,0.0549372529610157,0.0976003476423162,0.0408377313837754,0.0352103996742617,0.1216503794143487,297
352,298C,0.2777881927460133,0.2809032160079158,0.3343071845878276,0.2432243025382333,0.1014098366509412,0.4516832602990499,298
353,298G,0.1943890606291207,0.2039618890174164,0.2344527804013736,0.1775367151523976,0.085001304212581,0.2759392396130928,298
354,298N,0.0510498504350557,0.1309238827960294,0.1843986261463291,0.1261939904587967,0.0604074472016616,0.1273146910716822,298
355,298S,0.0423655031399965,0.0787919723082014,0.0686241710775602,0.0623187943975164,0.0429614747186745,0.1256724073681906,298
356,298T,0.182959244014332,0.2637030930642348,0.3022304305247961,0.2176197754057468,0.1117710439689034,0.3664708179831274,298
357,298V,0.1916394600536079,0.2507289863778044,0.2748377092356011,0.2328796530772853,0.0997844372812321,0.3729113854259837,298
358,299A,0.1515520521303679,0.2165149231770818,0.2282080386563849,0.1986453330772172,0.1033636420983252,0.2924906064422788,299
359,299C,0.1742846190402706,0.1906660307116428,0.2054415700260617,0.1709214437589568,0.0809688831502872,0.2755362492930199,299
360,299D,0.1901678488141511,0.2645877532612848,0.2763464845890692,0.1920243813000315,0.0951684535481064,0.4168393480330816,299
361,299E,0.1712379634664127,0.228580048494057,0.2740132714756067,0.1757375443626129,0.0916021161255412,0.2766344699407173,299
362,299F,0.2496201785881903,0.2526984515852581,0.302143350834889,0.2010307907267718,0.0932870442443311,0.3176488877838408,299
363,299G,0.1702639811101922,0.1957910095744456,0.2374762493213483,0.163860254094055,0.0765711251025072,0.2051310548365117,299
364,299H,0.1023163723434001,0.142100033778821,0.1690093288807512,0.1361660784845517,0.0679054718747733,0.267542563856941,299
365,299K,0.1994629888589548,0.1759125951366228,0.2723507816835726,0.1323829833739628,0.0554903265103067,0.1508728239819051,299
366,299M,0.1442707153496933,0.2155781608956345,0.2636908554914823,0.1324276794026449,0.083942297737527,0.2044831489662353,299
367,299P,0.1949840427685336,0.2316984564811472,0.2346825773211749,0.188213202144567,0.1056325522387384,0.3269494520884728,299
368,299Q,0.2350390442047205,0.1721197860717281,0.2426429531502775,0.1278318197749689,0.061922023357014,0.1383445242575316,299
369,299R,0.2809669762073392,0.2746447453454695,0.3398463523218843,0.2450709880227682,0.1011468895281409,0.3624639508760131,299
370,299S,0.2240976245655133,0.2600739183633438,0.2978604094028466,0.2243605212934339,0.113072894851532,0.3501658564249553,299
371,299T,0.0683754410551915,0.2333624791414576,0.2150343077345103,0.1994850267858924,0.091927654200645,0.158970019139592,299
372,299W,0.1609267188662642,0.1796855358808468,0.2470237375864688,0.1389920318281176,0.055647830753789,0.189917386868413,299
373,299Y,0.2747845017496617,0.2744532884365041,0.3346052809716431,0.223216125554367,0.1029696991936316,0.3688399015823024,299
374,302C,0.1583335353866917,0.2675864235699686,0.2701620380330429,0.2207805935151349,0.0996833802708183,0.3532681012059131,302
375,302G,0.1139253242323378,0.2278771639471039,0.26141480169755,0.2017923887945074,0.0995322188610814,0.2730630277377412,302
376,302N,0.1745602713729478,0.2315417915949523,0.2882367878362162,0.2130662391785507,0.113486409290143,0.3644196299015186,302
377,302Q,0.0756397916327484,0.0883916346793466,0.2145072179450021,0.0851800757927844,0.0729195598043116,0.1141599867508361,302
378,302S,0.1593871203879523,0.1587285629423669,0.2794756756379342,0.1737267255181163,0.0671285351255596,0.2642671854359694,302
379,302T,0.1691162056427139,0.2488649357336596,0.2802797282068345,0.2230493260717069,0.1026893689810905,0.3552501647341671,302
380,302V,0.1751355157327498,0.2771651196654338,0.2733389062779596,0.2329524590349671,0.1067716441893893,0.3542732004911213,302
381,304A,0.1524016133752419,0.162876995467873,0.2053962667344417,0.1259125074173491,0.0571304834597852,0.1707448040673574,304
382,304G,0.093690452677009,0.1170529105219169,0.1598901586601505,0.0884345668712581,0.0531926766245803,0.0885648059301778,304
383,304V,0.0993006939759938,0.0543422935222696,0.092642798372363,0.0316126338724256,0.0221949003749227,0.1326314771693156,304
384,313L,0.0904728333378223,0.0640244159895551,0.0557874306028642,0.0374037093178398,0.0418071612978212,0.1512748649975474,313
385,314G,0.2487846610879626,0.2642289654711999,0.30238956706622,0.2058221942440266,0.1150291918504498,0.2997624748194857,314
386,314I,0.2175897697658064,0.2199945936735524,0.3459940719574141,0.1789861042922865,0.1119589926025327,0.2576135069882443,314
387,314V,0.1942394680115743,0.192657204163765,0.2709262869140075,0.1692408847884953,0.1064143138938711,0.2029524615476515,314
388,315A,0.0527006273387134,0.1241835553767534,0.0923649858384451,0.1181783913927441,0.0614460220890413,0.0936212830616277,315
389,315L,0.1092414456020321,0.1910346495160869,0.1492008827783199,0.180864503251168,0.0684927153127159,0.0557536602918552,315
390,374P,0.1366227577069987,0.1896486022635133,0.262165981289658,0.1413252704723284,0.0801693246881226,0.0832032207417225,374
391,375I,0.2059957876966005,0.1442114883134015,0.3271087244044718,0.1292366852167556,0.098186388563347,0.145233885748734,375
392,375T,0.2216426082243238,0.0526064908766005,0.3174439351844073,0.0433403047772817,0.0933861569166322,0.1971200633876212,375
393,375V,0.2438434985092476,0.1490134619306778,0.3665395013514461,0.1330038789810312,0.1215878237631799,0.3871463304272636,375
394,376F,0.2471256748227874,0.1928807441386864,0.2669538963936786,0.1535655288418136,0.073218668633497,0.1855937612350751,376
395,376M,0.2131447833749599,0.1701396174062572,0.2972730258798134,0.1422981389625441,0.0683373643512546,0.4658444934724134,376
396,379L,0.2277206005528162,0.2603556350065867,0.2248180730821258,0.227854573029519,0.0789641099653548,0.0592620236860975,379
397,382H,0.0630141972423521,0.112102947362033,0.1197973770256541,0.0910018248607454,0.0493333264939812,0.0649976081798588,382
398,403F,0.2654636094417792,0.0791887179068225,0.0434488682060658,0.0604071876108155,0.0789835069416334,0.0941219673641919,403
399,403H,0.1767696521673654,0.0350643712655014,0.0412877172540209,0.0248896571447704,0.0658879824975961,0.0623761753670581,403
400,404H,0.272091046264411,0.1544833999095832,0.1996502049843579,0.1374095484583511,0.0898458763232609,0.0491573353903641,404
401,404I,0.2348417718013347,0.2238953683926141,0.16930483843261,0.2061206403231164,0.0797639002011358,0.1562249662603802,404
402,404L,0.2955367240216618,0.1929937644703334,0.1906481972446933,0.1812867467316187,0.0902389582899643,0.1732626564618464,404
403,404M,0.2654201924092282,0.2055913168615512,0.2068318660789881,0.1767709545861805,0.0822105283008672,0.231193464629702,404
404,405C,0.1879054835783322,0.1159247927970308,0.1810761553059509,0.1040899485138715,0.0716964254144933,0.3083032953355838,405
405,405F,0.330348339012352,0.2314439501113342,0.3094957377191237,0.2144318424247756,0.0966104603209941,0.2909851165455139,405
406,405I,0.264443313112268,0.2285827780716784,0.2235875201846953,0.1981014874932155,0.0807877370263262,0.2181360253505622,405
407,405L,0.3096020745532332,0.2092101771219526,0.2802776075836669,0.1832234398421997,0.1042181964347542,0.2514432494132382,405
408,405M,0.2799665848769772,0.2337287322318432,0.2533374369243837,0.2073876794601233,0.0894932485681934,0.2502559608836951,405
409,405P,0.1846150460504387,0.1250019368273477,0.1372143582697573,0.1166527407218409,0.0603401817477461,0.1600803686324388,405
410,405Q,0.2607384286478627,0.1930527150603444,0.1898000465117479,0.1910747702290562,0.0895711043177296,0.098483436371078,405
411,405V,0.2619527540904883,0.1901111046039852,0.2286814984723824,0.1625350952010374,0.0789573980142822,0.2829283347916108,405
412,405Y,0.2779516383480616,0.1579420707782431,0.2133747411972721,0.0825678206614226,0.0875312321992375,0.0462822023242034,405
413,407C,0.1617216693731546,0.1822852208276261,0.1448246818750019,0.1716784279655219,0.0452998050094263,0.1584869252141825,407
414,407D,0.1338034388344222,0.1984440444961334,0.1548351233753792,0.207632101206066,0.0719346709699726,0.0877223545382095,407
415,407E,0.1384444109687942,0.1608223923380415,0.106548428968509,0.1609847444246388,0.0690209262132612,0.0804579724611377,407
416,407H,0.1173270707183349,0.1462965801014282,0.1062608716920825,0.1718307738581979,0.0864932730128815,0.2150827260337552,407
417,407I,0.1776929240045503,0.1516505315974357,0.1520057217578046,0.1544048935256758,0.0811892216456059,0.1163327359345859,407
418,407K,0.1917402172597016,0.1691516772778019,0.1461017989759508,0.1958109636655039,0.0654933879693063,0.1616151979871,407
419,407M,0.2007640557130456,0.2029523104893755,0.1218610755755165,0.204547953870975,0.064878768877587,0.1128588598105193,407
420,407N,0.1716232259930113,0.1414146581418509,0.101215421906707,0.1696871165634522,0.0817977973728087,0.2834829433260873,407
421,407Q,0.1833272369417648,0.1916103728364185,0.1603076533383401,0.2040027479982995,0.0825355104429355,0.1911261608070552,407
422,407S,0.1665406933376751,0.1943270448482272,0.1400493321246648,0.1911714917475634,0.063884353894636,0.0968002167200999,407
423,407T,0.1368628278929579,0.184290332868737,0.1445246580349186,0.1926952068709486,0.0685964792885844,0.0885568414036674,407
424,407V,0.1714159156263287,0.2141926286848315,0.1791280574954302,0.1828981033729695,0.0698591802882906,0.0948975307684718,407
425,408A,0.1864259915850126,0.1342704160823333,0.1343324930104168,0.1559455883888177,0.075601964654011,0.2219402131280461,408
426,408C,0.1818299637143217,0.1222836049981634,0.0996792572719538,0.1365558098491786,0.07597779840127,0.24165574112929,408
427,408D,0.1666887330583134,0.1540324091615054,0.1184126833846024,0.1537362782669816,0.0663705706046626,0.2122841866441911,408
428,408E,0.2142282930185353,0.1909781105194667,0.1657756653026528,0.2059498727978373,0.0841641541589618,0.2524309542812056,408
429,408F,0.0914224702792025,0.0556321033088951,0.0564390618572369,0.0818378911526169,0.0321707632727666,0.1318376170068921,408
430,408G,0.1749399664437841,0.123562843764331,0.1155751456950048,0.1474576044124284,0.0679168408078842,0.2005855254079319,408
431,408H,0.2069800827543947,0.1826981212519265,0.140354730213184,0.1727858405138649,0.0904878052831351,0.2610751738713462,408
432,408I,0.1789749775575034,0.1048234320947282,0.0699256680510004,0.1283308993328787,0.0830553748462108,0.2888916091461824,408
433,408K,0.1452125983939148,0.0897446534926087,0.078054654617921,0.1261693018354426,0.0576031615216389,0.2384935610410005,408
434,408L,0.2112425008431152,0.1687385927805183,0.1086359543426414,0.1550135773076212,0.0768198733940747,0.2725799549183416,408
435,408M,0.1891550917608192,0.1344214382194837,0.1569234714104148,0.1763918992058669,0.0913547498982158,0.3569450408985177,408
436,408N,0.2439272159401754,0.1854568137010417,0.1543144338841574,0.1894733526457619,0.0996314621274549,0.2908872498538178,408
437,408Q,0.187698569258344,0.1447133133409749,0.1403945876831169,0.1577258038212829,0.0785999252532519,0.2380733032108127,408
438,408R,0.1596275418476171,0.119735665743981,0.0820074193037378,0.1544845174527803,0.0669821768957428,0.2241394240503587,408
439,408S,0.1561654563216064,0.1125386883738381,0.109745890806901,0.1293520981219388,0.0696545526905151,0.1961518005310304,408
440,408T,0.1880243522284351,0.1299094444960991,0.1188109759764662,0.1406486070833919,0.0742814717013168,0.276917777939771,408
441,408V,0.2029259293893993,0.1255530311480176,0.1116214257666328,0.159316829237305,0.078260375020454,0.3325178975900457,408
442,408W,0.1581264154411211,0.130880954557449,0.1206415978832241,0.1544663356838828,0.0808702123114191,0.1913048966992301,408
443,410F,0.1880024684894592,0.1462077767551527,0.1252394595110453,0.1704558668959527,0.0717142094198285,0.1579882205613949,410
444,410N,0.1626415031765477,0.1361741366762397,0.1223890719795799,0.1521673752668392,0.0744319718039909,0.1265123087885153,410
445,410Y,0.09158185675143,0.1374066548191988,0.1624494860817023,0.1659852033134478,0.0759875800579603,0.2573203217157024,410
446,432F,0.1172288333780099,0.0710018025524821,0.0882647868284516,0.074761402862638,0.0326588915906228,0.1146389345286217,432
447,432H,0.118312295668163,0.0608291663304622,0.0917644815824733,0.0582440257429223,0.023561821805377,0.0685527731192421,432
448,432K,0.1697174701842291,0.1010348834354789,0.1597485278753234,0.1204632914199029,0.0422165489747032,0.1699484915334579,432
449,432N,0.1156294168815336,0.0475241744306268,0.0695909871240184,0.0783643184022835,0.0232576387568416,0.0876509656973767,432
450,432P,0.1257640604406588,0.0739908770885501,0.0986643402044379,0.0861289556236298,0.0250206270868514,0.1439472182096183,432
451,432Q,0.1284036266749557,0.0650435219033808,0.110937733917946,0.0907804571882924,0.0345145233276066,0.1053388797217178,432
452,432R,0.1807568173902631,0.1241873183288459,0.1560491201501457,0.1331730631133487,0.0528545735858059,0.199361754925966,432
453,432T,0.1050448432110941,0.0705071127712872,0.0723126538574114,0.0546357972279721,0.0274330286964872,0.1040734611310586,432
454,434P,0.1297803282588538,0.0640118941341918,0.0687255381976215,0.0702339282619811,0.0292839877240123,0.0799107303879137,434
455,434T,0.0870075475952596,0.0430174484816397,0.0597293876785389,0.0446161857576882,0.0264655839736713,0.0512513018656632,434
456,436G,0.1114205302914704,0.071532984226103,0.0603246881386219,0.0716117204544979,0.0212086126083747,0.089526871632356,436
457,436K,0.1325595760218995,0.0892609404106846,0.0925694204474268,0.0903310226628548,0.0346562490668834,0.1508829146678446,436
458,436P,0.1102324544245111,0.0893014178797669,0.0995318798803844,0.0781224347551365,0.0456341463867482,0.0963940130122714,436
459,436R,0.1439728700129326,0.1056735766970042,0.133634473294095,0.0970361807266058,0.0397421994186087,0.1524811618809997,436
460,446A,0.2085717088225195,0.2156744196523517,0.1944191634602325,0.2050625437658116,0.0593493015354886,0.134273831920789,446
461,446C,0.1985576063055095,0.2222722927694481,0.2292140328529831,0.2114292996728532,0.0855896437736461,0.2656498871089376,446
462,446E,0.2552821965217364,0.264051505158474,0.2417971920375565,0.2168097887168915,0.1019477678371404,0.3303688160492763,446
463,446F,0.2118912099024824,0.2108009155528017,0.1969652832868799,0.1975268105991848,0.0609817414859013,0.1301852763640178,446
464,446G,0.2025972136286754,0.2278684511391908,0.1938415131389381,0.1914768012730111,0.060375845835436,0.1542907859431904,446
465,446H,0.1894712145162395,0.2209378299268454,0.1893316223330838,0.1953764412582134,0.068716196789463,0.1584241962394034,446
466,446I,0.202057478482879,0.2008381309388576,0.2012828107072284,0.1820682575281631,0.057445895841279,0.1058445083194496,446
467,446K,0.1886856590005157,0.1929385803703603,0.2233642741747205,0.1930789349577585,0.0465142656359244,0.0901647880313813,446
468,446L,0.2034873330884036,0.2032840929025324,0.2227202001045126,0.1862901074082995,0.0551525586843154,0.1096335273847354,446
469,446M,0.2050310136913438,0.2399030348122951,0.2052201421035548,0.2161823441877846,0.0737436133568896,0.1305115319388487,446
470,446N,0.2245827699640724,0.2096144936981266,0.2017669525291367,0.1906647257654096,0.0815734233310772,0.3175157029135037,446
471,446P,0.2034598464073724,0.1887589446443312,0.2057714470208164,0.1697658234522426,0.0463900365635135,0.0981954850300377,446
472,446Q,0.1909662192436226,0.2215735439098538,0.2255208198144612,0.1974836546016899,0.0745709620998626,0.2066907546107719,446
473,446R,0.1713867320839868,0.1850713368577732,0.1906272485534087,0.1739448795568731,0.0341714711024142,0.0873142836540341,446
474,446S,0.2111897977186271,0.2503491308441273,0.2378900613499373,0.2175779730084592,0.0835276706484411,0.2737141062316206,446
475,446T,0.1937771484017895,0.2113053146405364,0.2200006567314086,0.2118128204045213,0.0721669808049671,0.20227584648145,446
476,446V,0.211687373996718,0.2040454593908992,0.2097101192316866,0.193068648709765,0.0603175583977553,0.1215465307173193,446
477,446W,0.2149870165273292,0.21301875942131,0.1877056650997153,0.2015132367625567,0.0547529455143546,0.1317478107993668,446
478,446Y,0.1912595893730858,0.202868992687681,0.1759509266069523,0.1814994348902343,0.0375146526869693,0.1202728047792352,446
479,447A,0.2071408123271147,0.1977214793234468,0.2159610018825634,0.1898497908655518,0.0506542309676801,0.0964644002764624,447
480,447C,0.2163937802800469,0.22644616171552,0.2058003817144314,0.1921761738805826,0.0587019578123653,0.1292526628888343,447
481,447D,0.2189094264111629,0.206588694930291,0.210256197707707,0.1891463453419525,0.0556148574147259,0.0907866793128877,447
482,447E,0.2037066649227059,0.2112367062732506,0.2158564869595169,0.1873299933647114,0.0524772747467364,0.0960232901370357,447
483,447F,0.0984466964057673,0.0960631617268513,0.0705737177248193,0.0926069637974739,0.0353596859962169,0.0662402997090773,447
484,447G,0.208606546596958,0.2025566191134736,0.2017291959576729,0.1859238322437088,0.0471155027204928,0.0966215801457182,447
485,447H,0.1776539665313353,0.232483150523492,0.1983280132500823,0.1982894072422489,0.078694870953721,0.2455796437235274,447
486,447I,0.2129041625089258,0.2090497851328195,0.1929456456558067,0.201428204688445,0.0543506945351284,0.1105268061267135,447
487,447K,0.1899208801643906,0.1680636204647506,0.1871201416362188,0.1786972229898191,0.0446160782996909,0.0930638729417347,447
488,447L,0.2002212713407378,0.216281336211786,0.2114006342037906,0.2025936722624158,0.0666167176446085,0.1810187959278009,447
489,447M,0.1966208548634204,0.2166000143035766,0.2135692840996041,0.1956672591808727,0.0626194292178783,0.1475153598161553,447
490,447N,0.2064309986056807,0.201576620116793,0.1968378084177592,0.1891895785847894,0.0468205524540134,0.1190294729439012,447
491,447P,0.1977330710788887,0.1977508840107765,0.1964950654421914,0.1772763192014795,0.0537424387437737,0.0816813733930663,447
492,447Q,0.2101429259313573,0.1915374715972407,0.1967310748195068,0.1812326093803194,0.0486887832031468,0.0975399969700008,447
493,447R,0.1889419363692605,0.1884963386018699,0.1831641640787221,0.1814310232383583,0.0486601377608634,0.0823157136672362,447
494,447S,0.2131157388530718,0.2070826840057366,0.2019785978970659,0.1900642259528816,0.0525155441591788,0.0778163492631993,447
495,447T,0.2003117209237604,0.2067879227511241,0.1850640100023076,0.1810366994050051,0.0401577086113487,0.084089280306303,447
496,447V,0.2001229369863611,0.2098964870284205,0.1871998963380524,0.1841163985217871,0.0556374126344023,0.1031171748270047,447
497,447W,0.1658552811822125,0.1510018132791176,0.1357101008280979,0.1561690384706593,0.0725500852985805,0.1606551143964617,447
498,448A,0.2039042582650591,0.2341085850533043,0.1963446708836165,0.205310007172993,0.067512791826406,0.1533741982167025,448
499,448C,0.1828735564591688,0.1977833993529528,0.1899942367006044,0.1717649304856988,0.0542188907877459,0.0989191308318346,448
500,448D,0.1695555513063315,0.2106607834902284,0.1975503852960328,0.1987639364768937,0.0611453330666626,0.1449462822205379,448
501,448E,0.1708883478130636,0.2248098544364747,0.1884731259562813,0.1941066023101136,0.0651115641293328,0.1197062684565261,448
502,448F,0.1979278506600471,0.2001396564869517,0.1962501679892432,0.1730175689597013,0.0467057978496363,0.0932304497226061,448
503,448H,0.188496597797201,0.1923510543624103,0.1828310171534022,0.1791953184499993,0.054555781804805,0.0963770210847222,448
504,448I,0.1965287580380142,0.1919308506874303,0.1872513196094822,0.1806067100803273,0.04399977589359,0.0797237720655595,448
505,448K,0.1798131792153145,0.1737310161971107,0.1819845618294081,0.1786457642693972,0.0428671263797123,0.0858059904898677,448
506,448L,0.2013954366568281,0.1917314244919583,0.2057320739603693,0.1931989806785799,0.0505052491844179,0.0980227944030679,448
507,448M,0.1925800599771668,0.2069663338694212,0.2140101318450031,0.2019535191081105,0.0476029720016882,0.1233479906518532,448
508,448N,0.1803937011022685,0.2127806961347616,0.1907325871949328,0.1932730055426898,0.0530823704434582,0.1491079496269763,448
509,448P,0.1811987549118227,0.2211709756671545,0.2012541899161949,0.2018950715259483,0.0553938172474545,0.0883591548508921,448
510,448Q,0.1893010928885269,0.2019787367127829,0.1851641115854482,0.1979843994645659,0.0508777517950088,0.0994413492189975,448
511,448R,0.1801024075731084,0.1792733839653275,0.1933733266279576,0.1774960128407764,0.0420945029660942,0.0956617716803083,448
512,448S,0.1855935734500065,0.200474988998516,0.221168856087862,0.1907106085533248,0.0580240127857597,0.1246434849395256,448
513,448T,0.1957350712598646,0.2082000041318313,0.2089634731225377,0.1851282996380075,0.0490759753745008,0.1083945823264537,448
514,448V,0.2015595046320292,0.1947925239432793,0.1896738850010342,0.1793125806448894,0.0461839998495414,0.0968239629176051,448
515,448W,0.2001109775980272,0.2068683680524562,0.2173824719835928,0.1902899361141684,0.0383397542474576,0.1075887252570238,448
516,448Y,0.192754092985437,0.1900453686158976,0.2106580817664829,0.1881216200797605,0.0459364803836693,0.0874366282655797,448
517,449A,0.2074904378128823,0.2049603568742985,0.1992848734354027,0.1873398591626059,0.0565981057058306,0.1298793117122086,449
518,449C,0.2040843103646372,0.2266031054919055,0.2045291436550007,0.1741303736886938,0.0679199221446803,0.1656041459495317,449
519,449D,0.22229572600179,0.2187664970297472,0.1996344316324358,0.1902302168771047,0.0472924407781912,0.0831537469473067,449
520,449E,0.2097752483800095,0.2135085303898362,0.2089942636799067,0.2017438337024352,0.0599610565021384,0.0756348385785676,449
521,449G,0.2182086556533307,0.2109637917927169,0.2170652828690745,0.2012826716235524,0.0535689729958346,0.1175070938276615,449
522,449H,0.1846412967489943,0.2022047906088847,0.1890862091481881,0.1775883966043056,0.0523707686086335,0.1075791587904692,449
523,449I,0.2051624677770973,0.2093394346019601,0.1818232123782351,0.1777208249309229,0.0514001739704601,0.0745870669529474,449
524,449K,0.1981339814578052,0.1907585322111558,0.1862696564596573,0.1842538678665662,0.0484057722292777,0.0784018102752553,449
525,449L,0.2155517693130362,0.2190684911090486,0.1799055775839794,0.1853280237444,0.065327713639018,0.1248096220238969,449
526,449M,0.2268522543297453,0.2139656451612111,0.2261313273570587,0.1973138340151675,0.0654813214058518,0.096260494859621,449
527,449N,0.2073285875189721,0.2000849738477812,0.1980828844182304,0.1939765734162026,0.0553843420915649,0.0949028355677578,449
528,449P,0.208373581599205,0.2042485506323739,0.1773001336274157,0.189352862376407,0.048007061972101,0.0898497968905762,449
529,449Q,0.2054829548026687,0.2046952413483819,0.1809478942214542,0.1844449923180153,0.0541136983677756,0.0881000951718222,449
530,449R,0.1875026111871318,0.1974733869323188,0.1895309689815563,0.1781336907614661,0.0387025309161248,0.0881060981027589,449
531,449S,0.2095267351897319,0.1915314205302195,0.2110016753250777,0.1827592723070789,0.0639165750788511,0.1385020910689617,449
532,449T,0.2296934007068569,0.2344756919234172,0.2201292192421804,0.1937320326514789,0.0527795417418211,0.109463545307524,449
533,449V,0.2035142362459432,0.1989741768174679,0.1952764997670731,0.1724010995554033,0.0549426019692062,0.1115885781743831,449
534,449Y,0.161023332910856,0.1707535936070459,0.1558877537934755,0.1633202438038117,0.0700901929742549,0.2100786567317022,449
535,450A,0.181952628729282,0.2051721360223601,0.188496006829863,0.1907081909040011,0.0539309021569231,0.1641496556286916,450
536,450C,0.1769476706887904,0.1827812519896179,0.1602909094779062,0.1683594298032836,0.0430006534899512,0.1124797112733214,450
537,450D,0.1734583484036245,0.2030315692535789,0.2079897998377441,0.2070542926463014,0.0646342300574568,0.1850067901296866,450
538,450E,0.1980869045788428,0.2086589046725521,0.1860768174461193,0.1893031836086282,0.0497288100365327,0.1577403151139333,450
539,450F,0.1755192002340814,0.1930445594181005,0.2004788329573789,0.179125642655148,0.0424252965013282,0.125410919865629,450
540,450H,0.185114343708184,0.1832870175465396,0.1921759466487703,0.1806722393976838,0.0412137714151485,0.0977786895200513,450
541,450I,0.2029852644344288,0.2008014776288373,0.1859910551390407,0.1968017208818064,0.0376408906606175,0.1093185314772837,450
542,450K,0.179061992446995,0.1768585937806413,0.1868665806035752,0.1655836268829533,0.0501201439156043,0.0944651940692957,450
543,450L,0.1839752920758085,0.174329340733794,0.2193775080505333,0.1768161214364347,0.048637042571179,0.0933121739021299,450
544,450M,0.1937722607972337,0.2196675641220236,0.2356297037188635,0.1944885656146949,0.0453819128693536,0.1603179066861989,450
545,450N,0.1906831609493807,0.2044418493410943,0.2085753218984384,0.1962187249674692,0.0602551878885294,0.1303048165718778,450
546,450P,0.2018087795612497,0.1905824867037455,0.1860952143580751,0.1911635615648579,0.0446385810666268,0.0873645969202228,450
547,450Q,0.1823979278379679,0.198624318020146,0.1956371949411878,0.1767600701156409,0.0500410196081347,0.1168586806263173,450
548,450R,0.168039009421079,0.1537436038917775,0.1729896782595775,0.1656818203034042,0.0287892196445624,0.0664668002574227,450
549,450S,0.1784849382022928,0.1943564044044751,0.2010830854379537,0.1880757827623614,0.0501927960361733,0.1380811682476654,450
550,450T,0.2000457882559328,0.2076295037740013,0.1917770146680523,0.1882881255561075,0.0535782125177639,0.1110561045988785,450
551,450V,0.1958061157442454,0.1959309711627186,0.1976809344540981,0.1862151498775215,0.0443689845806489,0.0910576738638233,450
552,450Y,0.1734410296126895,0.1879877539524169,0.2083180556245749,0.1721652303833692,0.0287252925612392,0.0959243391862177,450
553,452A,0.2235287933022459,0.2205572731865008,0.2328575745325033,0.216336029490027,0.0839061072843965,0.2532714890271416,452
554,452C,0.1887991346680017,0.1848253748876701,0.2120988189319985,0.1751287060669447,0.0561699325543959,0.2464931294933356,452
555,452D,0.2235531773914112,0.2425478651679807,0.220848703387225,0.2300647179309401,0.0760496998328187,0.2113799846507589,452
556,452E,0.2051929064169369,0.2096112441628762,0.2135221684227902,0.1948019067257629,0.0653096008713309,0.2317741074687461,452
557,452F,0.3008713547094787,0.2768850426823818,0.2790935946091286,0.2525297505093747,0.0957121868291046,0.3530710456993382,452
558,452G,0.2125242677840371,0.2378352037042304,0.2277828139146081,0.2076303269901654,0.0705542822521244,0.2430028383584991,452
559,452H,0.2165656694895197,0.2348265216808974,0.2160042256096265,0.2242573110868982,0.0783303656712029,0.2660303482499138,452
560,452I,0.1517763148489014,0.0825170295508945,0.0907309502252073,0.1103658946861269,0.0399757654285122,0.1242306804559854,452
561,452K,0.213484765494563,0.2069459671519338,0.2206932452362286,0.1988394224746967,0.0518607885231645,0.1332840554841294,452
562,452L,0.3131810687104921,0.2662822390825144,0.2588977668893084,0.2364450043033624,0.0933102860859963,0.3828909994059484,452
563,452M,0.2928012797110695,0.2486866207539653,0.2485870607166175,0.22402880441546,0.0951951413714792,0.3583023454487473,452
564,452N,0.2238151064942267,0.2279239496048263,0.2114679773431137,0.1985944805068678,0.0622698521793158,0.2290380030763111,452
565,452P,0.2877883138794975,0.2646364448201594,0.2392042620612455,0.2367404266353371,0.0709566008385584,0.2667302595146885,452
566,452Q,0.1954410539029545,0.1596591012381415,0.1984711171831971,0.1607036504264823,0.0581691474303062,0.235081883529459,452
567,452R,0.2122618221569138,0.2175450098465573,0.2084293630704008,0.191276695348698,0.0658063054442089,0.1688544714197631,452
568,452S,0.2114566269520137,0.2368096161021708,0.2001032041260003,0.1992869762363999,0.0694976277796237,0.2554730647293618,452
569,452T,0.1643399973247752,0.1350526605305871,0.1576998020641347,0.13660598910333,0.0483202491806862,0.2096236172744873,452
570,452W,0.2902867222398361,0.2921801183804859,0.2478730259981276,0.2519445399761817,0.0850204932509559,0.3257873749410794,452
571,452Y,0.315258744211412,0.2866560372512134,0.238718598215458,0.2422424102364858,0.1011986232834035,0.3592382639426477,452
572,456A,0.1222082973025566,0.0538112517014109,0.068799015275981,0.0730725522169017,0.0218988622823728,0.094667122696357,456
573,456D,0.1808415969140125,0.160567652895555,0.158430210899874,0.1502412500954256,0.0500422692490209,0.1509907479227932,456
574,456E,0.1798112927554117,0.1540092869798627,0.1660479151259304,0.1429390415160217,0.0502590181741802,0.1571870931585559,456
575,456F,0.2137154517261325,0.1805189550024699,0.1563432879648547,0.1659885801114014,0.0513364707280249,0.2289994188534579,456
576,456G,0.2532746740291205,0.2263525660171973,0.2045402701121062,0.1926155107435015,0.0710028296879313,0.2708603522157525,456
577,456H,0.2473761894684011,0.2169042408082079,0.1877751667075679,0.1922418183583784,0.0571045192017841,0.2212761836082371,456
578,456I,0.2494831742034869,0.1971889718879788,0.1917629480002894,0.1557535157302866,0.0717849627019233,0.2957298486685455,456
579,456K,0.2828282407946869,0.2558650128286118,0.2212913598695348,0.2231362814183037,0.082298660641367,0.2828309239898874,456
580,456L,0.1809495681151271,0.0879280857779951,0.1161095695229416,0.0925895264378358,0.0335720467642918,0.1843645804500812,456
581,456M,0.2429624246602326,0.2126232974747266,0.1661120007513664,0.1829880128702293,0.062044811910798,0.2486178727270169,456
582,456N,0.1325951329173885,0.0912004560849012,0.065791126808492,0.0775138683511618,0.0211604860102657,0.0781934822191443,456
583,456P,0.2909415678379817,0.2663638153104535,0.2318085760912782,0.2346820358575294,0.0785665876000507,0.3232165832625023,456
584,456Q,0.227379202686397,0.1957899090740653,0.1818573569822754,0.1822832965173604,0.0610148053179176,0.2515430661408195,456
585,456R,0.2847917101912227,0.2670396741275899,0.2237803655992612,0.2217179534019209,0.0763600721534923,0.302662267316635,456
586,456S,0.1839731070566745,0.1364578806688851,0.132288020309052,0.1302755812321369,0.0453479596665339,0.1726201072017817,456
587,456T,0.2156267015691048,0.1765152385222055,0.1375186414916249,0.1516747975883139,0.0697759646614232,0.2395632753006591,456
588,456W,0.2550426114297494,0.2326510674746646,0.1895606700822083,0.2002680554869646,0.0562322265468112,0.2178838335937262,456
589,456Y,0.2423969855883285,0.2230413899217967,0.1839675655016941,0.1868599082577981,0.0685063509905279,0.2331469939220687,456
590,458G,0.1611450745433154,0.128667291971184,0.1591030949594886,0.128354508559722,0.0481871586725187,0.2124070198454939,458
591,458P,0.2263484158030846,0.2078372002279614,0.2054375271389302,0.1904552123783265,0.0752028430610278,0.2362445608948519,458
592,459A,0.1161328338812588,0.0811077599678539,0.0898087534590701,0.063481907413696,0.0260901874003174,0.1292995120155763,459
593,459C,0.1769153182716147,0.1589569770484208,0.1387662086105311,0.1356956100644056,0.0505938523391563,0.2004588814543199,459
594,459D,0.1219487740605441,0.0914134321537761,0.096063827951954,0.0872176791528262,0.0341301066179411,0.1222526184463067,459
595,459E,0.1300855097326768,0.1006666863892209,0.0854292693469639,0.0835512489687274,0.0442370514071921,0.1348698667969691,459
596,459F,0.1932780736736767,0.1625015077183894,0.1668869212960983,0.1485600485344749,0.0664876188097454,0.2364792878255621,459
597,459G,0.2308372818151146,0.1806966258483046,0.2036539624103308,0.1678668735167252,0.0675823936781407,0.2667349933238369,459
598,459H,0.1720167296186583,0.1559813545016877,0.1377467188545116,0.1311953409248165,0.0538452449682537,0.2354603859475906,459
599,459I,0.1887739724568601,0.1626790689723447,0.1515052442731812,0.1517357692455178,0.0650600464605833,0.2617052703675913,459
600,459K,0.183851939967285,0.1369427220021235,0.1663953544119026,0.1514227949666335,0.0556824205539652,0.2427932618159453,459
601,459L,0.2232845506253622,0.1979292758185808,0.2048662705887824,0.2014595795775555,0.0787453485300855,0.3133095448463907,459
602,459M,0.2256138364230836,0.1755355780705895,0.1913169644573449,0.1821423224487322,0.0656233353722226,0.2740106417462989,459
603,459N,0.1317042833150417,0.0890144756626639,0.1155726563365612,0.0955509483890394,0.0302015212755107,0.1639654847074853,459
604,459Q,0.1877550865310493,0.1313836203350317,0.1436909039060599,0.1291727225632686,0.0539859552432547,0.2299888577046982,459
605,459R,0.1713997943105054,0.1339733140324391,0.1504588808458086,0.1340749838433132,0.0521657944276195,0.2340478844115957,459
606,459S,0.1476709142717758,0.1108113432035008,0.1337530100287978,0.1145974271945222,0.0456257689995158,0.1641932483191581,459
607,459T,0.1665804620468193,0.1412001832859243,0.1310375109528404,0.1408798780024854,0.0508135452681749,0.2050621667683263,459
608,459V,0.1749925557177313,0.1543301588635648,0.1469170425304463,0.1415042396115547,0.0616281631526893,0.2195419789506351,459
609,459W,0.1969783548172995,0.1676248068638306,0.136584048842934,0.1648865480909763,0.0597703616847698,0.207625761298361,459
610,459Y,0.2010590672057556,0.1746154546319748,0.1611250375231047,0.1669122540454956,0.0602780976798097,0.2583339102146985,459
611,460A,0.1242570155268502,0.1068806268122747,0.1187965648546272,0.1020399057293372,0.0288057219833355,0.1327632686515405,460
612,460I,0.1569233163118898,0.0922826316771507,0.1472655172651339,0.0881431876297141,0.0215773457672001,0.0979376182001327,460
613,460V,0.1746409972355321,0.10087124949486,0.1442001621525194,0.0836151321822952,0.0220425242747743,0.1456215492611025,460
614,461A,0.2881823792997295,0.2733184157578574,0.208433509242458,0.250201356856131,0.0904964160247775,0.2699549809790649,461
615,461C,0.1857683269822486,0.1977029054990317,0.1678367187600341,0.1905119707681729,0.0608821617413756,0.1709472948766507,461
616,461D,0.2670411970855545,0.2627098549199049,0.2204891853030233,0.2400759958242675,0.0882391260671147,0.1821079885690588,461
617,461F,0.2717343137891161,0.2269880082506601,0.1884150395470833,0.2011013907834715,0.0784626476640538,0.2039837196531764,461
618,461G,0.2813646454616548,0.2496152696341331,0.2342304757056789,0.2296305400584286,0.0798224880920682,0.2404931444693962,461
619,461H,0.2642582138732108,0.2587028755744981,0.2186032978449885,0.2326578465879133,0.0812659534173081,0.2868967234774379,461
620,461I,0.1537959229345344,0.078977478397635,0.1047083579050142,0.0682855831177404,0.0403949387901007,0.1327934578925832,461
621,461K,0.2474045395232857,0.2584218735122189,0.2200757746344493,0.2329183869387248,0.0819778088636781,0.2711198079813832,461
622,461M,0.2068865536932488,0.2131522302560011,0.1574616864202449,0.188554439200227,0.0739563736695325,0.202227859440389,461
623,461N,0.2877729667662205,0.2751688935060743,0.2417907404444408,0.2508663951503932,0.0891844488448971,0.2718759321109796,461
624,461Q,0.2204000682089804,0.2456586243819486,0.1933864170709569,0.2246832511310997,0.0849814670425757,0.2423107421040249,461
625,461R,0.2464979380912602,0.2440134079652392,0.2581162641344209,0.2223719475057915,0.0859833000653257,0.2929295539401652,461
626,461S,0.2772525082000933,0.2716414453111374,0.2083687443904725,0.2351296786350403,0.0816488668914517,0.2707337838216042,461
627,461T,0.2865727302809479,0.2445384836928652,0.2039204119610513,0.2140631904733207,0.083929854827661,0.2946556788495024,461
628,461V,0.2390942967049035,0.1903546829284403,0.2070004648797927,0.161982780107063,0.0765684196296705,0.2606985886996746,461
629,461W,0.2493715859876872,0.2320008975524726,0.2076957581901834,0.2085037881374576,0.0667219323253385,0.2809403148605598,461
630,461Y,0.2715295011845863,0.223465676927512,0.1977991539276882,0.2039630617491435,0.06968253130089,0.2223515619678694,461
631,462F,0.1329819845062338,0.1889430641189009,0.1620744262558225,0.1830574712713515,0.0644500434219862,0.1854191355331851,462
632,462I,0.1062440830020406,0.1567268079594897,0.1601333524878258,0.1656141962924886,0.0582006308796715,0.0877002907188465,462
633,462T,0.0849104764138891,0.1238318567651543,0.1215210765790762,0.1084340502437645,0.0463658753043154,0.0904194826406754,462
634,462V,0.2285043031641523,0.2103831475498698,0.2096081314683593,0.1892625796925194,0.0814115407113066,0.1408178089514289,462
635,464S,0.3436660719459404,0.1556969386166294,0.3234536423938573,0.1066999705431099,0.0516864892671441,0.130698607313645,464
636,465A,0.246110183962691,0.2167018022216685,0.1926496589988801,0.1899580711586841,0.0816904824131753,0.2918253156352614,465
637,465C,0.2601071493677045,0.2266674925263584,0.2142968537659248,0.2114956329945203,0.0870991444938249,0.2600780733400343,465
638,465D,0.1328714303427925,0.1457864118713719,0.1513864627337028,0.1276482558974057,0.0473605358811912,0.0728821762865408,465
639,465E,0.1906348835851251,0.1800947856670304,0.1793460263736558,0.1616979994234421,0.0577181920930383,0.1677129411241459,465
640,465F,0.2940534515311878,0.2582362791444099,0.2257232066506298,0.243595433214605,0.0894683523661018,0.2882007423538744,465
641,465H,0.2461911635607464,0.2405527149204843,0.2101627041732489,0.2006592535588633,0.0950330630858464,0.3207248061015134,465
642,465I,0.260702201813009,0.2527933037008207,0.2365106913031068,0.2314909997663087,0.0974162909742744,0.3119642260211053,465
643,465K,0.2748516699265601,0.2580348784940098,0.2279457571305136,0.2326183160450939,0.103568690850218,0.3130684169292946,465
644,465L,0.266337088566583,0.2376981460973415,0.2294232343677558,0.2209333837857386,0.0964309130158045,0.335199210039294,465
645,465M,0.2641917255858665,0.2384419510606728,0.2384877353880373,0.2258909521555612,0.0779524253897269,0.3272709531098491,465
646,465N,0.3121055584206799,0.2599502632981332,0.2562168541785707,0.2304358302090632,0.0949689213017224,0.3060285858709081,465
647,465Q,0.2925672118751162,0.2801657994363308,0.2413852917123469,0.23463165937503,0.0992624651788718,0.3485452278766338,465
648,465R,0.2786859505447916,0.2778775262826922,0.2639355371805698,0.2472082683330456,0.0997436070842373,0.3477511790574988,465
649,465S,0.293560215781445,0.256660133475437,0.2455331677794793,0.2347985483908378,0.0865419553524917,0.344736312881735,465
650,465T,0.2678413806975882,0.2570678236419852,0.2445840283244481,0.2198411915229521,0.0928015410142674,0.3272647733567257,465
651,465V,0.2857820771888667,0.2513572442459387,0.2238725747273685,0.2134776374251104,0.0866086293911728,0.3250787253257657,465
652,465W,0.2338664017066558,0.2240358018319978,0.2323418739495461,0.2031652953658108,0.0634383929151372,0.2763795630468559,465
653,465Y,0.2742021534778958,0.2410930744904351,0.2215179706661625,0.2265177274323654,0.0780144146143396,0.2611690415351294,465
654,466A,0.1878994642742857,0.1970994404038578,0.1795434082260157,0.1806204398147381,0.0844522139793781,0.2434922289371005,466
655,466C,0.0826141616709251,0.1257017236230957,0.1526093224304956,0.1191197316189049,0.0516321763112262,0.1339801762904158,466
656,466K,0.1209683405946911,0.1678185809750618,0.1687087802141271,0.1715122259485855,0.0600195047691143,0.1473161478586588,466
657,466M,0.0718041528173341,0.1437494731659248,0.105480096610289,0.1537293452471579,0.0529354522054235,0.0753034545784463,466
658,466N,0.1475280261065539,0.1903967946164165,0.1478906013604044,0.1650578648877094,0.06219890847017,0.1690999705479627,466
659,466R,0.1180549091015119,0.1602201820770692,0.1661148478670343,0.1619390845795019,0.0724033582505338,0.173194474115872,466
660,466S,0.1422084104243073,0.1815791075096966,0.166934646463059,0.173110123783761,0.0736728187241086,0.2360491389711167,466
661,467A,0.156381843595389,0.2212312124953336,0.2289137606578121,0.1926645447556531,0.078584296157243,0.2244995124724324,467
662,467F,0.2467264914193772,0.2371310267692453,0.2452521618561652,0.2114143112167572,0.0816803451961024,0.211877274773464,467
663,467G,0.2144727358039372,0.262672402738472,0.2283495663184703,0.2147817350431307,0.0882400146048534,0.2658820585180188,467
664,467H,0.172285363635242,0.2353284504659828,0.2282668237333886,0.2183267038575377,0.0830000008794617,0.2322226785768368,467
665,467I,0.2839116323622943,0.261653072689554,0.2670727756485995,0.2229104236665852,0.0907306512351067,0.2307221712273477,467
666,467K,0.2664102370180584,0.247459397081851,0.2438882217660156,0.2198224945419329,0.0821635792813525,0.3311601445683888,467
667,467L,0.2486525917327556,0.2418592759806438,0.2261904876713609,0.2128716166501875,0.085906267114123,0.16664144597693,467
668,467M,0.2361708556588928,0.2455982185814894,0.2151984521579968,0.1963095665923663,0.091047222390781,0.2691638114526514,467
669,467N,0.2100569439826583,0.2580450893760945,0.2435863085354443,0.2282759249226121,0.0830948839085169,0.2514435757403892,467
670,467Q,0.2294468612138639,0.27893049325932,0.2345494366970439,0.236123245144021,0.0880075396805414,0.2664112299826144,467
671,467S,0.2266381451785142,0.274136662178836,0.2613883200756662,0.2374954237485495,0.0979791422356,0.2986497893949102,467
672,467T,0.2488180168378912,0.2728694037867088,0.2441250725627313,0.2391260450703328,0.0902392587520804,0.2364902158396043,467
673,467V,0.2695126629755512,0.2570455376819039,0.237555858277575,0.2288903991613997,0.0893117946859608,0.2548388484780051,467
674,467W,0.1654722230091861,0.1936264261983716,0.2061267748350268,0.1767722449561172,0.0499614594505897,0.1020550730701378,467
675,467Y,0.2334080276887616,0.2340743242470237,0.2429063391265168,0.2261576946828818,0.0865624546183251,0.2091558955890698,467
676,468A,0.1688103166225817,0.0771901830399064,0.1729927031747116,0.0746605656590219,0.0409584091946193,0.1911195931518853,468
677,468C,0.0965104411744036,0.114297416159451,0.1671982831524496,0.088488216587365,0.0427157702827457,0.097868150380675,468
678,468S,0.2737246895059304,0.1755289194541098,0.2367842629532503,0.1486690807712136,0.0616826460055786,0.2238718301815717,468
679,468T,0.4186678299720751,0.2401842796211252,0.3236845201751248,0.1813031296827869,0.0896443558055493,0.3119647312487202,468
680,471A,0.2448774870371351,0.2677715306484854,0.2408527056684228,0.2301752001323544,0.0835013805752465,0.4208018496169466,471
681,471M,0.3354162550800249,0.2080399665760617,0.2513088636975298,0.1730387586893386,0.0510565868639864,0.4810785911793129,471
682,471S,0.2115406747412322,0.2686879042986765,0.2261040806167039,0.2399566241489463,0.0885226673724801,0.4212944221230793,471
683,471T,0.1659164326160305,0.2509465498158321,0.2256345034377332,0.2112947068513158,0.0874735693531715,0.3063005593555739,471
684,471V,0.130741351466296,0.0840977417912519,0.106700021964064,0.1024919603849644,0.0312663744632572,0.1704966175171399,471
685,473A,0.1706247137377248,0.1716763243880933,0.1845469396844951,0.1728854270286814,0.0679123231009266,0.24192230466818,473
686,473F,0.1707483199211529,0.1498710285733554,0.1683411887154776,0.1534659278128223,0.0504724676067374,0.2677469016002305,473
687,473G,0.0682529813430373,0.1043546590365047,0.1155506640887505,0.1187930558010189,0.047973735062262,0.1276227712698614,473
688,473I,0.169188783473865,0.1506943367611725,0.1855272093512427,0.1560127857756345,0.0533171865185512,0.2759543612103956,473
689,473K,0.1644567293493433,0.1778835413453439,0.1931384104993402,0.1744706635756931,0.0634912462981208,0.2551840163123989,473
690,473L,0.1881592571510938,0.1471193630996587,0.1771745708573194,0.1622476768516128,0.0502484213807624,0.266932256373842,473
691,473M,0.2222698048575878,0.2051039430700318,0.1976073982619302,0.1983236207339669,0.0843135978708757,0.2880177293606351,473
692,473N,0.0738295645648202,0.0695742277005866,0.0858857604369258,0.0807485006727106,0.0307982153171576,0.0887444146997986,473
693,473P,0.1413900127172252,0.1143823745411566,0.1694618086005216,0.1319834309608591,0.0387091196015761,0.1462420104948316,473
694,473Q,0.2169919511215775,0.18947480526158,0.183904796828818,0.1665518338132731,0.0778824496116987,0.2836381927589103,473
695,473R,0.1577021362711124,0.1790009835598218,0.1856491368269465,0.1719000658269346,0.0663652479240092,0.2597456566853489,473
696,473S,0.1733629715280342,0.1451219153442835,0.196709457749399,0.1537359602013449,0.0572716852343997,0.239024462587479,473
697,473T,0.1269116558865701,0.1612537240587747,0.194386030092626,0.1677049141319775,0.0659895274890585,0.2654858008039903,473
698,473V,0.1769639064325259,0.167744078715237,0.1900650857947965,0.1661392363329721,0.0558154182696743,0.3045183078282555,473
699,474H,0.0791944406590552,0.0863894696075472,0.0537430487173449,0.0367206045676804,0.0466964162736639,0.0854500762474994,474
700,474I,0.0764693378466902,0.062154608207829,0.0912299999704498,0.0794194663742643,0.0448030259442644,0.11093805737761,474
701,474K,0.2261473968887968,0.1446373001677069,0.1865065532826973,0.1569244539167191,0.0742823216539827,0.2736977381925149,474
702,474R,0.1889143554197397,0.1294785106918315,0.1653555717327205,0.1468966926437532,0.0698465617161125,0.226278386674131,474
703,474V,0.052473998708822,0.0551002968033355,0.0689479092520841,0.0537226788601047,0.0305944848712194,0.1003493415311387,474
704,477R,0.1068734408952274,0.0540439202113111,0.0893159666157024,0.0694507295165327,0.033820595658016,0.1612334966392204,477
705,509I,0.3529047674729372,0.1240904982110991,0.3229686377267315,0.1272080086533996,0.1222559957277789,0.3483448211188965,509
706,509M,0.3309707360119249,0.2028202190122447,0.3225532668577991,0.2047316265030832,0.1172905119444699,0.3703854598863065,509
707,511A,0.1213846545959588,0.0759111174475875,0.1893232146211999,0.1078030152917014,0.0565534371991033,0.1202672769231645,511
708,511F,0.2227831666932431,0.1305734630146456,0.2705788147685941,0.1730707144015093,0.087292766099487,0.3693856334028131,511
709,511M,0.2283768327535566,0.1622400541836199,0.2100534604465582,0.1657393432646929,0.0874410058786495,0.3186984331640765,511
710,511N,0.1501072561829067,0.1239985045435967,0.1752552865125833,0.1297045282463096,0.0483140929603291,0.1399512030054126,511
711,511S,0.0706026998221273,0.089481902254299,0.1277370829007991,0.1273466708630699,0.049544482513825,0.0750242811646508,511
