Unnamed: 0,position,Antifungal,aa,select_coef,p_value,adjusted_p_value,variant,result
552,104,Fluco,P,0.0958107839567061,3.254110646939136e-08,3.9264560278500264e-08,104P,Beneficial
841,122,Fluco,A,0.059788864781411,0.0001419567806312,0.0001623392318203,122A,Beneficial
858,122,Fluco,V,0.0535810052829157,0.0026226701080477,0.0029139933828105,122V,Beneficial
922,126,Fluco,C,0.0508121101176804,0.0001275087012069,0.0001459909845557,126C,Beneficial
930,126,Fluco,L,0.2240531851385344,1.6674120196339225e-46,2.924842237736977e-46,126L,Beneficial
965,128,Fluco,F,0.0513784070000651,0.0067740729200366,0.0074295658049414,128F,Beneficial
980,128,Fluco,Y,0.0541503369314349,0.0021142803427477,0.0023545953468217,128Y,Beneficial
1022,131,Fluco,C,0.1202263040042011,1.4192352476101478e-14,1.8437064203440068e-14,131C,Beneficial
1026,131,Fluco,G,0.2344160517161477,3.1358555188421516e-54,5.761852514476872e-54,131G,Beneficial
1177,138,Fluco,T,0.0470788285867624,0.0014791986689842,0.0016535775024449,138T,Beneficial
1178,138,Fluco,V,0.0392611151466882,0.0077260336308236,0.0084494532799558,138V,Beneficial
1195,139,Fluco,Q,0.0890111851156711,3.846164788358699e-08,4.633540032767981e-08,139Q,Beneficial
1199,139,Fluco,V,0.1162807965179684,3.22855274091038e-14,4.1828155395426665e-14,139V,Beneficial
1263,143,Fluco,D,0.0782196531407964,1.424711203090484e-07,1.7035170471409626e-07,143D,Beneficial
1270,143,Fluco,L,0.3542319521257691,2.387422086856315e-94,5.265523324551838e-94,143L,Beneficial
1271,143,Fluco,M,0.2892292459421198,2.2214471821060572e-36,3.543032537322359e-36,143M,Beneficial
1286,144,Fluco,G,0.0536792518850009,0.0002513872174741,0.0002861153981412,144G,Beneficial
2302,307,Fluco,A,0.2558130129988593,1.2845755547074438e-56,2.388936383536028e-56,307A,Beneficial
2837,376,Fluco,V,0.1060407156305036,1.8198701179853543e-11,2.2798961484636668e-11,376V,Beneficial
2882,379,Fluco,D,0.0502509430685999,0.0011497263997373,0.001289025998652,379D,Beneficial
2884,379,Fluco,F,0.2332184106353392,4.3278358585271385e-45,7.47517546168506e-45,379F,Beneficial
2888,379,Fluco,K,0.237248785777177,8.923826219105416e-49,1.5893620755645208e-48,379K,Beneficial
2987,402,Fluco,I,0.0497555161784574,5.6601637362438274e-05,6.513693984244548e-05,402I,Beneficial
2992,402,Fluco,P,0.0602987051788573,3.717923432057385e-07,4.423405176463305e-07,402P,Beneficial
3079,406,Fluco,Y,0.0629750226285779,6.55187569127202e-10,8.070815361177849e-10,406Y,Beneficial
3151,432,Fluco,M,0.0895485946389127,0.000667256713095,0.0007531704383815,432M,Beneficial
3172,434,Fluco,N,0.0732382244256678,6.377029993160257e-06,7.4211427411290835e-06,434N,Beneficial
3385,460,Fluco,F,0.049882279890072,0.0035719957601563,0.0039527197449909,460F,Beneficial
3391,460,Fluco,M,0.0664557448487863,0.000944309086992,0.0010624517216641,460M,Beneficial
3560,468,Fluco,W,0.1207078487056373,3.370210142370425e-08,4.063983335039691e-08,468W,Beneficial
3620,471,Fluco,W,0.0804115474911815,0.0003036339744508,0.00034516966057,471W,Beneficial
3726,477,Fluco,F,0.0629364039093025,0.0019987657265232,0.0022285423452591,477F,Beneficial
3892,505,Fluco,M,0.0790101292429799,0.0001749387705018,0.0001997586974046,505M,Beneficial
3989,510,Fluco,I,0.1229955107855597,1.2637571233133658e-13,1.6262860394402092e-13,510I,Beneficial
637,109,Itra,V,0.0369341091407101,0.0039522931935082,0.0043938581614422,109V,Beneficial
1294,144,Itra,Q,0.0327981122691647,0.0036244260620077,0.0040340430690156,144Q,Beneficial
1361,148,Itra,A,0.0342242437538897,0.0062062948826849,0.0068717675420711,148A,Beneficial
1406,150,Itra,G,0.0371064954359251,0.0009266743430135,0.0010435301023177,150G,Beneficial
1489,158,Itra,K,0.0235384145324244,0.0068404098248747,0.0075564042788624,158K,Beneficial
2149,299,Itra,I,0.0472619137308246,1.103752031284274e-05,1.2911371089618483e-05,299I,Beneficial
2234,303,Itra,P,0.1197662593747967,7.438674330345259e-23,1.0558562934254425e-22,303P,Beneficial
2790,374,Itra,L,0.0305087212382297,0.0079097426532453,0.0087250861228284,374L,Beneficial
2932,381,Itra,P,0.0568825156385886,9.567229109119783e-07,1.140742443729782e-06,381P,Beneficial
2941,382,Itra,C,0.0589790397717656,3.854659733547923e-07,4.626316240357799e-07,382C,Beneficial
3386,460,Itra,G,0.0401172928057644,0.0063066528861444,0.006978852457198,460G,Beneficial
682,114,Vorico,D,0.0750654739182297,1.1616745309159118e-05,1.3634727720400914e-05,114D,Beneficial
1052,132,Vorico,N,0.2090881421392206,3.87108052935444e-35,6.257430172133695e-35,132N,Beneficial
1059,132,Vorico,W,0.1117863884679834,5.3567956640356606e-06,6.3378271120817215e-06,132W,Beneficial
1746,224,Vorico,F,0.0071562746915725,0.0025608578431153,0.0028660959383508,224F,Beneficial
1775,225,Vorico,Q,0.0773365649368873,2.7168042622359204e-09,3.370491298130121e-09,225Q,Beneficial
2151,299,Vorico,L,0.0713996957101315,5.277482790146795e-07,6.308279740733969e-07,299L,Beneficial
2591,363,Vorico,M,0.1692109859918447,9.001311203680409e-14,1.1773309396141905e-13,363M,Beneficial
2793,374,Vorico,Q,0.0581045164916042,5.993238782851527e-10,7.500848669423131e-10,374Q,Beneficial
2806,375,Vorico,H,0.1462093048977562,6.332965973585644e-21,8.929551948769453e-21,375H,Beneficial
2813,375,Vorico,Q,0.0408497832796069,0.0080128979637018,0.0088414205354095,375Q,Beneficial
2926,381,Vorico,H,0.1405076689964013,5.10295108612493e-23,7.319133512146989e-23,381H,Beneficial
3060,406,Vorico,A,0.0428920394092439,1.672189047151321e-06,1.9888718533488704e-06,406A,Beneficial
3075,406,Vorico,S,0.060851126873614,2.6608524785318456e-07,3.2096114122341e-07,406S,Beneficial
3394,460,Vorico,Q,0.0428065781272394,0.0001090066692675,0.0001255953533725,460Q,Beneficial
3461,464,Vorico,A,0.0791949635900555,1.4914575836545464e-12,1.9186615187980416e-12,464A,Beneficial
3472,464,Vorico,N,0.107123749098988,4.279306167068713e-16,5.738194583843277e-16,464N,Beneficial
3478,464,Vorico,V,0.2334070499805909,4.269840576329835e-77,9.974243443853412e-77,464V,Beneficial
3520,466,Vorico,W,0.0424566647198485,0.0032484288954415,0.0036292595795966,466W,Beneficial
3521,466,Vorico,Y,0.0539006281742421,6.289899956595185e-05,7.297579265207799e-05,466Y,Beneficial
3605,471,Vorico,E,0.0423019480179464,0.0077524593255512,0.0085614504687768,471E,Beneficial
3772,480,Vorico,M,0.0740821858831535,0.0006383294502461,0.000724789603999,480M,Beneficial
60,59,Posaco,A,0.0447640503138504,0.0002311651341782,0.0002647514586059,59A,Beneficial
83,60,Posaco,E,0.0446192332725709,0.0001308976232112,0.0001507270196941,60E,Beneficial
94,60,Posaco,R,0.0301978143963213,0.0017209055252384,0.0019362082429335,60R,Beneficial
98,60,Posaco,W,0.0764259819062267,1.0751322114879468e-06,1.279935208890716e-06,60W,Beneficial
317,72,Posaco,V,0.0325008030413539,0.0001851238223803,0.0002124017261273,72V,Beneficial
348,86,Posaco,K,0.0455759467440541,0.0003210635562539,0.0003668340244583,86K,Beneficial
433,90,Posaco,Q,0.0404687883077739,0.0001427169586604,0.0001641887893778,90Q,Beneficial
1429,151,Posaco,K,0.0437469071473912,0.0011643852655545,0.0013143075876073,151K,Beneficial
1571,196,Posaco,M,0.0585402483455888,0.0012007555841418,0.0013549616031951,196M,Beneficial
1668,202,Posaco,H,0.0292506338908615,0.0062700973662669,0.006932393365128,202H,Beneficial
1881,231,Posaco,Y,0.039051940461623,0.0006365604684914,0.0007227810180174,231Y,Beneficial
3126,410,Posaco,G,0.0475824442251605,0.0001010163970611,0.0001165644027533,410G,Beneficial
3159,432,Posaco,W,0.0547868253835089,0.0053552225775135,0.0059397387650418,432W,Beneficial
3174,434,Posaco,Q,0.0449249027464219,0.0039807596823051,0.0044332239368927,434Q,Beneficial
3175,434,Posaco,R,0.0421052034605053,0.0009267309288953,0.0010491448547866,434R,Beneficial
3413,461,Posaco,P,0.0568479486724829,1.2130405402777052e-05,1.4172486458688284e-05,461P,Beneficial
3713,476,Posaco,N,0.0720364630414148,5.1556189867537134e-09,6.348819137979258e-09,476N,Beneficial
3739,477,Posaco,V,0.0254261063395755,0.0087444214133594,0.0096319374452501,477V,Beneficial
3748,479,Posaco,H,0.0575355285642833,6.3311228082386346e-06,7.4354786874194385e-06,479H,Beneficial
3793,481,Posaco,N,0.0360212241269608,0.002383677884007,0.0026693569054753,481N,Beneficial
3916,506,Posaco,Q,0.0364463306333468,0.0006636911178786,0.0007531400096543,506Q,Beneficial
3919,506,Posaco,T,0.0705011049934765,1.0504268093110216e-08,1.2881514425321782e-08,506T,Beneficial
271,69,Isa,N,0.0316129730910916,0.0018080760788268,0.0020888840343744,69N,Beneficial
463,100,Isa,E,0.0319699812558001,4.083808489019027e-05,4.933797010858371e-05,100E,Beneficial
648,112,Isa,K,0.0514293479160802,3.9632215748325015e-11,5.5211279466121145e-11,112K,Beneficial
691,114,Isa,N,0.0314838637559795,3.4054986079655764e-05,4.127322102852301e-05,114N,Beneficial
737,116,Isa,V,0.0264758056587744,5.534128179435984e-05,6.667058193528067e-05,116V,Beneficial
862,123,Isa,C,0.0269856547478228,0.0001200570355809,0.0001434170574713,123C,Beneficial
864,123,Isa,E,0.0283005416400894,0.0012246275723582,0.0014199601179493,123E,Beneficial
874,123,Isa,Q,0.0241244940716226,0.0026879992890102,0.0030877736960115,123Q,Beneficial
875,123,Isa,R,0.0252155446526383,0.0001045436557988,0.0001251974821398,123R,Beneficial
876,123,Isa,S,0.0317337059502439,7.356138661427215e-06,9.076124705934834e-06,123S,Beneficial
916,125,Isa,S,0.0221739344311367,0.0078751898241337,0.0089233517350654,125S,Beneficial
917,125,Isa,T,0.021925665517395,0.0066707458818425,0.0075810226856537,125T,Beneficial
1013,130,Isa,P,0.0499941911774758,1.0552248962176624e-10,1.4578314379408095e-10,130P,Beneficial
1153,137,Isa,P,0.0221569987521735,0.004770425069701,0.0054456193212231,137P,Beneficial
1353,147,Isa,P,0.0218155725987259,1.3240739568968751e-05,1.623728338307276e-05,147P,Beneficial
1371,148,Isa,M,0.0242676883059919,0.0086895514958666,0.0098373734576433,148M,Beneficial
1519,162,Isa,W,0.0329957705225033,0.0024203645418785,0.0027861828605579,162W,Beneficial
1520,162,Isa,Y,0.0212240275471316,7.464953890003555e-05,8.981858779084051e-05,162Y,Beneficial
1851,230,Isa,L,0.0825570818274618,8.108949471753519e-25,1.3961970978106843e-24,230L,Beneficial
1872,231,Isa,M,0.0242685016255154,0.0025054311628165,0.0028815090917893,231M,Beneficial
1972,257,Isa,L,0.017404310620651,0.0070423576603283,0.0079962276813034,257L,Beneficial
2054,280,Isa,N,0.0175728276938592,0.0072518795246103,0.0082292507283122,280N,Beneficial
2093,296,Isa,N,0.0146975355780964,0.0050850779276914,0.0057961718360565,296N,Beneficial
2169,300,Isa,I,0.0227431962674481,0.0066528254338823,0.0075643501912821,300I,Beneficial
2208,302,Isa,H,0.0501252678567057,1.028221036112202e-10,1.4210370812935955e-10,302H,Beneficial
2526,318,Isa,F,0.0251448705312666,0.0024866649307436,0.0028607847896933,318F,Beneficial
2757,372,Isa,T,0.0299076938154727,0.0005666460275412,0.0006632511248122,372T,Beneficial
2782,374,Isa,C,0.0348434549140745,6.744650548489285e-05,8.120287948228301e-05,374C,Beneficial
2801,375,Isa,C,0.0545593091294185,6.161030108080243e-13,8.910119420179467e-13,375C,Beneficial
3019,403,Isa,Y,0.0213557446763317,7.979351192315495e-05,9.594756565524376e-05,403Y,Beneficial
3089,407,Isa,L,0.0342891606432509,4.623918653880225e-05,5.584562535628985e-05,407L,Beneficial
3138,410,Isa,V,0.0218867270428799,0.0026804616703205,0.0030800385899814,410V,Beneficial
3662,474,Isa,A,0.0214038699871274,0.0007142012039314,0.0008339240512835,474A,Beneficial
4014,511,Isa,P,0.0259988496002749,0.0006035510897156,0.0007062322005804,511P,Beneficial
30,57,Clotri,L,0.0937566842286016,4.955057333415855e-07,6.084238668050046e-07,57L,Beneficial
40,58,Clotri,A,0.0678110142691777,0.0011666741941225,0.0013168912309025,58A,Beneficial
41,58,Clotri,C,0.0825635202446929,1.058479632061696e-05,1.2612863049543882e-05,58C,Beneficial
49,58,Clotri,L,0.0824833807425938,1.213244954851762e-09,1.5586658021586522e-09,58L,Beneficial
145,63,Clotri,G,0.058140587461929,0.0025037144268155,0.0027964227315248,63G,Beneficial
146,63,Clotri,H,0.0751648367165916,0.0001921785178906,0.0002220922781414,63H,Beneficial
223,67,Clotri,E,0.0705512917003961,0.0001439655194807,0.0001670802499638,67E,Beneficial
228,67,Clotri,K,0.0686105581473615,0.0019527922657046,0.0021861914581865,67K,Beneficial
239,67,Clotri,Y,0.0932557426014115,2.638568335670145e-05,3.111220465974862e-05,67Y,Beneficial
389,88,Clotri,M,0.1273885931786013,6.294778475735717e-08,7.822022815615807e-08,88M,Beneficial
418,89,Clotri,W,0.1457552699232764,1.0913191808386238e-06,1.3314789113989709e-06,89W,Beneficial
491,101,Clotri,N,0.0453960456416313,0.0010907401086358,0.0012322693471494,101N,Beneficial
687,114,Clotri,I,0.1251323007197462,1.5861870452932771e-09,2.0316558243124528e-09,114I,Beneficial
721,116,Clotri,C,0.0486429891307345,0.0015443201991942,0.0017354915468211,116C,Beneficial
736,116,Clotri,T,0.0551748948765634,0.0040836817741424,0.0045399259653917,116T,Beneficial
739,116,Clotri,Y,0.0953886491614334,1.2920540195227422e-07,1.59724393313702e-07,116Y,Beneficial
972,128,Clotri,N,0.097383013303691,4.994382750945455e-07,6.128597155308148e-07,128N,Beneficial
976,128,Clotri,S,0.0475652481125622,1.2384546234504961e-08,1.5606972573812008e-08,128S,Beneficial
1051,132,Clotri,M,0.3733564899531725,6.43671482876579e-38,1.1787310950765652e-37,132M,Beneficial
1223,141,Clotri,D,0.1037934295471393,5.543048623057055e-07,6.795334167978105e-07,141D,Beneficial
1698,203,Clotri,T,0.1237789150495267,2.2266169658570993e-09,2.8443379780588687e-09,203T,Beneficial
2065,292,Clotri,D,0.0857630051743009,0.0002776980620826,0.0003189032601434,292D,Beneficial
2076,292,Clotri,R,0.190963209500346,5.85400797732091e-17,8.300038697674465e-17,292R,Beneficial
2393,311,Clotri,N,0.1348695348384244,7.075691498222156e-11,9.276856307217343e-11,311N,Beneficial
2395,311,Clotri,Q,0.6445895675211093,4.336186160979603e-142,6.514482032436415e-141,311Q,Beneficial
2787,374,Clotri,H,0.1279886426417757,7.479079304768512e-09,9.465593926847761e-09,374H,Beneficial
2833,376,Clotri,Q,0.3176208141459895,1.6344015158720143e-46,3.297204953820794e-46,376Q,Beneficial
3788,481,Clotri,H,0.0781892297987704,0.0001614645700513,0.0001871054954225,481H,Beneficial
4020,511,Clotri,W,0.0938158853675024,0.0010207252932588,0.0011535099110544,511W,Beneficial
