,154,155,158,162,192,195,196,197,199,200,201,202,203,204,205,224,225,226,227,228,229,230,231,232,233,234,235,238,243,246,257,275,276,277,280
GCT,1697.0,158.0,6416.0,2420.0,96.0,4105.0,163.0,39.0,43.0,884.0,4267.0,106.0,66.0,196.0,3.0,76.0,4911.0,86.0,1748.0,,78.0,115.0,152.0,,,,173.0,134.0,25.0,30.0,570.0,8256.0,66.0,6164.0,32.0
GCC,2446.0,84.0,6729.0,1321.0,43.0,3820.0,286.0,28.0,157.0,,2183.0,112.0,236.0,188.0,14.0,120.0,4875.0,52.0,1332.0,,16.0,129.0,102.0,,,,97.0,126.0,20.0,6.0,621.0,7035.0,138.0,6067.0,50.0
TGC,2193.0,96.0,6024.0,435.0,256.0,5573.0,30.0,43.0,184.0,32.0,53.0,157.0,797.0,162.0,18.0,2013.0,57.0,34.0,146.0,,25.0,1513.0,1371.0,,49.0,,206.0,66.0,30.0,9.0,4203.0,4318.0,51.0,9562.0,24.0
TGT,1351.0,41.0,5594.0,307.0,280.0,4747.0,30.0,86.0,134.0,70.0,41.0,145.0,825.0,356.0,79.0,1317.0,155.0,73.0,928.0,5.0,53.0,1224.0,1415.0,,,,207.0,79.0,59.0,19.0,4690.0,5482.0,131.0,7722.0,57.0
GAT,295.0,129.0,6281.0,60.0,117.0,2478.0,25.0,7.0,29.0,59.0,16.0,60.0,123.0,19.0,50.0,15.0,,127.0,76.0,,28.0,50.0,34.0,19.0,,1.0,79.0,15.0,83.0,2.0,5462.0,778.0,5845.0,1776.0,102.0
GAC,243.0,58.0,5068.0,121.0,105.0,4136.0,29.0,14.0,32.0,155.0,1.0,54.0,69.0,36.0,80.0,12.0,1074.0,103.0,38.0,,88.0,40.0,32.0,,,,56.0,22.0,38.0,26.0,3054.0,,12740.0,932.0,96.0
GAG,5452.0,318.0,1284.0,314.0,52.0,2353.0,23.0,17.0,18.0,14.0,14.0,147.0,38.0,43.0,75.0,57.0,1333.0,35.0,18.0,,23.0,103.0,178.0,,,15.0,127.0,37.0,21.0,48.0,3366.0,4902.0,9114.0,7844.0,339.0
GAA,6340.0,236.0,1302.0,401.0,47.0,2525.0,34.0,12.0,47.0,16.0,17.0,64.0,34.0,39.0,149.0,68.0,1110.0,58.0,14.0,,34.0,26.0,212.0,,,,113.0,37.0,20.0,79.0,3350.0,7183.0,7050.0,5020.0,448.0
TTC,72.0,,67.0,103.0,984.0,118.0,110.0,20.0,3.0,3.0,14.0,42.0,58.0,800.0,1084.0,774.0,13.0,34.0,49.0,14.0,17.0,133.0,94.0,,,,,159.0,1075.0,26.0,5257.0,5930.0,5202.0,214.0,59.0
TTT,58.0,985.0,62.0,123.0,921.0,134.0,133.0,66.0,8.0,14.0,19.0,8.0,69.0,85.0,,2696.0,41.0,107.0,58.0,,54.0,231.0,106.0,2.0,51.0,1.0,1059.0,176.0,446.0,6.0,6362.0,5183.0,7834.0,206.0,63.0
GGT,591.0,51.0,10461.0,3862.0,87.0,5206.0,29.0,29.0,26.0,40.0,261.0,504.0,514.0,85.0,46.0,58.0,7561.0,366.0,,,15.0,67.0,68.0,,,,42.0,24.0,37.0,32.0,2749.0,6348.0,5287.0,4726.0,30.0
GGA,302.0,28.0,7501.0,5632.0,50.0,4112.0,37.0,26.0,35.0,73.0,206.0,691.0,361.0,76.0,72.0,109.0,11010.0,333.0,2008.0,,11.0,40.0,41.0,,,,54.0,25.0,23.0,36.0,2207.0,7888.0,3098.0,3274.0,80.0
CAC,47.0,211.0,190.0,47.0,780.0,57.0,25.0,29.0,15.0,35.0,52.0,1382.0,43.0,46.0,25.0,20.0,285.0,80.0,119.0,,23.0,63.0,269.0,,,,468.0,23.0,8.0,33.0,9053.0,2275.0,7034.0,947.0,138.0
CAT,21.0,269.0,452.0,55.0,491.0,95.0,30.0,24.0,26.0,4.0,9.0,938.0,53.0,54.0,52.0,3.0,143.0,94.0,32.0,,67.0,74.0,139.0,65.0,,,265.0,27.0,47.0,22.0,10160.0,2759.0,8210.0,1720.0,187.0
ATC,1865.0,1626.0,4001.0,960.0,3226.0,,50.0,791.0,76.0,12.0,110.0,321.0,39.0,7163.0,49.0,171.0,64.0,17.0,28.0,,22.0,2255.0,951.0,,17.0,,85.0,81.0,7.0,19.0,3800.0,6382.0,93.0,632.0,1544.0
ATT,2174.0,2634.0,2662.0,,1821.0,1019.0,27.0,,14.0,7.0,,325.0,63.0,6109.0,84.0,83.0,121.0,43.0,24.0,14.0,40.0,3224.0,1166.0,94.0,,,37.0,1398.0,38.0,9.0,3207.0,4116.0,121.0,,1527.0
AAG,6597.0,1291.0,945.0,77.0,1119.0,2547.0,751.0,24.0,65.0,22.0,6.0,50.0,38.0,57.0,75.0,15.0,63.0,901.0,3.0,,258.0,7.0,82.0,566.0,,,244.0,18.0,6.0,10.0,295.0,8716.0,4954.0,219.0,2013.0
AAA,5404.0,2172.0,877.0,94.0,736.0,2328.0,549.0,13.0,41.0,10.0,1.0,32.0,75.0,54.0,102.0,8.0,56.0,,,,156.0,16.0,107.0,3.0,,,259.0,33.0,12.0,15.0,340.0,8936.0,5449.0,192.0,2483.0
TTG,401.0,615.0,250.0,260.0,2098.0,726.0,5482.0,775.0,111.0,9.0,67.0,67.0,57.0,1567.0,43.0,,46.0,37.0,20.0,8.0,19.0,1722.0,1827.0,,60.0,46.0,60.0,1309.0,56.0,25.0,908.0,4684.0,,9713.0,759.0
TTA,284.0,2758.0,305.0,284.0,1902.0,1130.0,5405.0,1635.0,20.0,1.0,52.0,71.0,28.0,,79.0,1013.0,63.0,44.0,26.0,2.0,27.0,1413.0,2710.0,,2045.0,,2749.0,960.0,21.0,24.0,1384.0,2303.0,1111.0,13690.0,589.0
ATG,5541.0,279.0,287.0,2114.0,2277.0,5770.0,813.0,133.0,69.0,27.0,4.0,1005.0,101.0,414.0,30.0,1692.0,58.0,79.0,9.0,,25.0,111.0,978.0,1.0,,88.0,99.0,63.0,16.0,10.0,6182.0,2874.0,60.0,2198.0,1577.0
AAC,182.0,107.0,4906.0,155.0,785.0,2414.0,296.0,16.0,258.0,16.0,52.0,289.0,58.0,73.0,25.0,7.0,828.0,74.0,56.0,,57.0,31.0,42.0,24.0,,,31.0,22.0,24.0,40.0,4115.0,2101.0,5032.0,613.0,982.0
AAT,143.0,104.0,5263.0,214.0,795.0,4540.0,261.0,19.0,23.0,6.0,10.0,216.0,75.0,56.0,67.0,17.0,862.0,170.0,115.0,,190.0,62.0,44.0,,,,40.0,12.0,51.0,15.0,7711.0,2378.0,9548.0,1224.0,656.0
CCT,126.0,207.0,251.0,45.0,22.0,81.0,1567.0,11.0,7.0,402.0,3932.0,55.0,28.0,7.0,13.0,50.0,68.0,47.0,9.0,,156.0,2754.0,50.0,,,,3.0,79.0,51.0,8.0,66.0,199.0,11202.0,5033.0,37.0
CCA,103.0,183.0,330.0,74.0,121.0,57.0,1259.0,14.0,16.0,306.0,3482.0,103.0,22.0,14.0,20.0,17.0,48.0,18.0,5.0,,9.0,1012.0,59.0,,,,37.0,7.0,17.0,20.0,72.0,222.0,9754.0,5984.0,67.0
CAG,6182.0,800.0,3728.0,2335.0,868.0,1796.0,36.0,15.0,8.0,5.0,7.0,132.0,25.0,74.0,139.0,40.0,2085.0,67.0,7.0,,112.0,1385.0,158.0,4.0,,,85.0,25.0,36.0,15.0,1908.0,7265.0,2928.0,2982.0,935.0
CAA,5146.0,380.0,2410.0,3823.0,,2022.0,33.0,4.0,38.0,9.0,45.0,94.0,60.0,72.0,208.0,17.0,3345.0,197.0,44.0,,95.0,246.0,181.0,,,,105.0,23.0,37.0,9.0,2780.0,4936.0,4446.0,1682.0,685.0
AGA,2456.0,1101.0,251.0,46.0,15.0,15.0,5.0,5.0,15.0,43.0,257.0,1338.0,6.0,29.0,15.0,58.0,198.0,416.0,14.0,,108.0,50.0,200.0,,,,331.0,24.0,32.0,,77.0,7465.0,9326.0,4371.0,1910.0
CGT,3340.0,1030.0,207.0,29.0,30.0,34.0,8.0,4.0,36.0,3.0,11.0,1112.0,5.0,28.0,7.0,21.0,123.0,314.0,32.0,,48.0,25.0,49.0,,,,272.0,332.0,27.0,1645.0,57.0,7860.0,10579.0,5194.0,1356.0
TCT,1184.0,60.0,5222.0,728.0,19.0,6245.0,60.0,,42.0,304.0,1409.0,141.0,1283.0,200.0,58.0,57.0,2933.0,74.0,232.0,14.0,81.0,80.0,98.0,1.0,,,205.0,30.0,49.0,16.0,641.0,3132.0,2777.0,8483.0,94.0
TCC,810.0,116.0,2544.0,666.0,56.0,4158.0,93.0,21.0,58.0,422.0,1336.0,184.0,,278.0,15.0,59.0,2381.0,71.0,242.0,,29.0,104.0,109.0,,15.0,,158.0,29.0,17.0,29.0,1113.0,3592.0,3595.0,2476.0,26.0
ACC,209.0,78.0,3242.0,387.0,98.0,2282.0,,186.0,,445.0,69.0,364.0,1294.0,818.0,18.0,62.0,724.0,24.0,178.0,,645.0,102.0,1153.0,,,,27.0,50.0,26.0,13.0,619.0,1263.0,3946.0,9635.0,140.0
ACT,96.0,131.0,5415.0,313.0,246.0,1919.0,801.0,225.0,1293.0,52.0,31.0,231.0,1731.0,1102.0,25.0,84.0,1007.0,79.0,257.0,,,209.0,1048.0,57.0,,,74.0,26.0,13.0,11.0,1707.0,2571.0,7814.0,8277.0,218.0
GTT,1415.0,93.0,7417.0,963.0,1197.0,1900.0,72.0,372.0,34.0,39.0,21.0,161.0,33.0,2481.0,1090.0,195.0,599.0,34.0,241.0,24.0,36.0,2606.0,1502.0,,,187.0,61.0,67.0,24.0,44.0,5320.0,9403.0,62.0,5611.0,68.0
GTC,3177.0,101.0,3470.0,325.0,1459.0,1489.0,60.0,356.0,64.0,109.0,17.0,166.0,23.0,3389.0,13.0,117.0,549.0,58.0,33.0,,21.0,2605.0,1359.0,,627.0,15.0,942.0,122.0,28.0,13.0,3417.0,12641.0,69.0,6831.0,70.0
TGG,12336.0,542.0,17.0,593.0,122.0,104.0,19.0,,13.0,10.0,24.0,59.0,72.0,28.0,47.0,345.0,56.0,21.0,6.0,,11.0,65.0,80.0,,1.0,,31.0,16.0,16.0,13.0,6527.0,6797.0,7173.0,8174.0,4871.0
TAC,55.0,7380.0,1011.0,739.0,15.0,210.0,32.0,16.0,51.0,5.0,7.0,28.0,486.0,39.0,94.0,49.0,165.0,56.0,47.0,,38.0,2128.0,525.0,,49.0,,1999.0,37.0,1627.0,3.0,1597.0,9155.0,6399.0,228.0,15.0
TAT,95.0,7748.0,,800.0,51.0,276.0,39.0,15.0,9.0,7.0,44.0,43.0,55.0,53.0,212.0,88.0,824.0,63.0,15.0,7.0,17.0,2947.0,394.0,209.0,,,2543.0,33.0,,6.0,,6308.0,8642.0,157.0,19.0
TAA,1139.0,12.0,20.0,6.0,44.0,1.0,3.0,13.0,,,,,1.0,118.0,1.0,,4.0,11.0,,,1.0,11.0,1.0,,,,6.0,31.0,23.0,,50.0,51.0,37.0,9.0,5.0
