,401,402,403,404,405,406,407,408,410,432,434,436,446,447,448,449,450,452,456,458,459,460,461,462,463,464,465,466,467,468,469,470,471,472,473,474,475,476,477,479,480,481,483,484,503,504,505,506,507,508,509,510,511
GCT,29.0,185.0,64.0,135.0,259.0,319.0,290.0,1441.0,62.0,371.0,493.0,66.0,1708.0,2447.0,2232.0,2586.0,1615.0,1402.0,778.0,19.0,956.0,991.0,6053.0,359.0,25.0,194.0,5788.0,2170.0,1937.0,2397.0,20.0,20.0,3496.0,25.0,2556.0,309.0,56.0,433.0,188.0,44.0,89.0,376.0,115.0,61.0,101.0,32.0,1674.0,84.0,38.0,4.0,52.0,56.0,918.0
GCC,33.0,78.0,47.0,210.0,299.0,239.0,562.0,1347.0,80.0,,,175.0,1463.0,3459.0,936.0,2187.0,1392.0,1797.0,735.0,37.0,1098.0,625.0,4789.0,316.0,48.0,183.0,3570.0,2578.0,935.0,955.0,18.0,23.0,4228.0,68.0,2030.0,301.0,98.0,1018.0,268.0,53.0,165.0,348.0,60.0,97.0,65.0,52.0,2401.0,209.0,20.0,9.0,21.0,18.0,654.0
TGC,47.0,113.0,105.0,650.0,1734.0,400.0,1077.0,1584.0,318.0,310.0,199.0,93.0,1680.0,3194.0,1970.0,2701.0,1812.0,1379.0,355.0,32.0,1818.0,623.0,1847.0,94.0,70.0,88.0,6173.0,636.0,105.0,1013.0,29.0,544.0,148.0,66.0,42.0,128.0,3.0,25.0,268.0,20.0,20.0,511.0,39.0,87.0,19.0,29.0,316.0,63.0,76.0,10.0,3.0,12.0,344.0
TGT,70.0,234.0,37.0,350.0,1917.0,273.0,1190.0,1424.0,615.0,273.0,659.0,114.0,1574.0,3891.0,4248.0,3318.0,1176.0,1757.0,209.0,28.0,1873.0,368.0,1807.0,47.0,48.0,127.0,6659.0,1114.0,116.0,830.0,65.0,,156.0,279.0,61.0,58.0,3732.0,42.0,259.0,36.0,20.0,504.0,29.0,107.0,27.0,37.0,315.0,43.0,111.0,6.0,32.0,35.0,277.0
GAT,5.0,33.0,38.0,259.0,78.0,30.0,1090.0,1454.0,132.0,864.0,383.0,130.0,,3670.0,2872.0,2275.0,2055.0,2145.0,1173.0,96.0,483.0,207.0,3846.0,78.0,74.0,138.0,1626.0,627.0,79.0,174.0,10.0,26.0,85.0,75.0,100.0,30.0,60.0,42.0,199.0,27.0,74.0,202.0,12.0,10.0,23.0,181.0,2656.0,283.0,13.0,3.0,16.0,22.0,34.0
GAC,23.0,118.0,52.0,169.0,33.0,64.0,705.0,907.0,134.0,568.0,410.0,185.0,427.0,1986.0,2455.0,2296.0,1543.0,1832.0,2041.0,32.0,875.0,188.0,3436.0,105.0,24.0,50.0,1679.0,106.0,162.0,75.0,19.0,4.0,44.0,31.0,566.0,129.0,36.0,42.0,4080.0,30.0,12.0,192.0,17.0,11.0,18.0,,2012.0,453.0,15.0,13.0,38.0,8.0,68.0
GAG,25.0,71.0,79.0,2365.0,302.0,229.0,990.0,2868.0,182.0,887.0,313.0,53.0,3948.0,4070.0,3634.0,3009.0,2198.0,3030.0,1008.0,27.0,1155.0,62.0,524.0,31.0,34.0,51.0,1930.0,31.0,113.0,104.0,17.0,47.0,117.0,34.0,501.0,35.0,13.0,21.0,124.0,87.0,28.0,221.0,19.0,8.0,67.0,42.0,2242.0,326.0,22.0,8.0,16.0,4.0,40.0
GAA,28.0,32.0,49.0,1357.0,420.0,119.0,1391.0,2704.0,110.0,717.0,250.0,54.0,3601.0,1967.0,2927.0,1849.0,1486.0,1780.0,1288.0,40.0,911.0,133.0,425.0,65.0,25.0,58.0,1645.0,27.0,54.0,81.0,33.0,7.0,82.0,33.0,,58.0,41.0,663.0,85.0,30.0,16.0,188.0,19.0,2.0,51.0,33.0,1889.0,188.0,13.0,5.0,6.0,14.0,41.0
TTC,424.0,211.0,5034.0,1277.0,5359.0,867.0,405.0,444.0,1200.0,737.0,418.0,566.0,3656.0,1014.0,3679.0,303.0,1333.0,2887.0,2467.0,21.0,1610.0,287.0,4146.0,1698.0,,2894.0,6066.0,68.0,3507.0,79.0,22.0,27.0,8453.0,44.0,1637.0,479.0,176.0,84.0,587.0,36.0,56.0,198.0,70.0,600.0,65.0,51.0,199.0,14.0,10.0,14.0,22.0,7.0,1416.0
TTT,307.0,249.0,3341.0,1178.0,5823.0,1227.0,391.0,555.0,2390.0,728.0,252.0,345.0,4343.0,823.0,2719.0,,1673.0,4157.0,2079.0,36.0,1869.0,358.0,4122.0,766.0,331.0,2812.0,7447.0,35.0,2397.0,60.0,64.0,1024.0,5895.0,12.0,2106.0,309.0,,117.0,729.0,29.0,37.0,184.0,69.0,187.0,117.0,5.0,149.0,19.0,32.0,7.0,72.0,53.0,1636.0
GGT,26.0,141.0,24.0,130.0,171.0,189.0,365.0,1527.0,186.0,502.0,336.0,930.0,2774.0,4250.0,740.0,2816.0,570.0,3312.0,4491.0,698.0,3596.0,219.0,4990.0,279.0,23.0,,861.0,,2264.0,253.0,41.0,135.0,191.0,,551.0,42.0,108.0,500.0,259.0,41.0,50.0,245.0,36.0,29.0,42.0,14.0,2639.0,65.0,6.0,14.0,49.0,46.0,343.0
GGA,21.0,48.0,18.0,117.0,259.0,149.0,413.0,1745.0,99.0,557.0,988.0,714.0,2941.0,4120.0,748.0,3143.0,329.0,2274.0,2235.0,1308.0,2827.0,221.0,4108.0,378.0,34.0,571.0,631.0,320.0,2012.0,160.0,124.0,9.0,423.0,476.0,484.0,58.0,15.0,543.0,132.0,32.0,54.0,,17.0,30.0,81.0,21.0,4298.0,50.0,5.0,4.0,18.0,10.0,311.0
CAC,594.0,24.0,2120.0,3487.0,1783.0,135.0,676.0,1454.0,,1125.0,783.0,637.0,1742.0,1803.0,3361.0,2347.0,1812.0,1801.0,2324.0,20.0,1777.0,616.0,5314.0,63.0,30.0,109.0,5168.0,678.0,1651.0,306.0,242.0,31.0,1170.0,4.0,409.0,1381.0,129.0,15.0,824.0,81.0,33.0,530.0,227.0,12.0,94.0,21.0,631.0,37.0,11.0,1.0,124.0,11.0,402.0
CAT,525.0,111.0,1933.0,3976.0,2389.0,101.0,754.0,2596.0,395.0,1030.0,444.0,754.0,3186.0,1733.0,1765.0,2104.0,2738.0,2141.0,2834.0,17.0,1515.0,648.0,3614.0,37.0,18.0,40.0,3107.0,362.0,1675.0,,203.0,18.0,826.0,35.0,298.0,716.0,51.0,24.0,582.0,132.0,25.0,455.0,145.0,18.0,165.0,7.0,565.0,29.0,13.0,3.0,91.0,11.0,348.0
ATC,27.0,344.0,96.0,2888.0,5059.0,280.0,1099.0,1723.0,310.0,717.0,410.0,223.0,2797.0,4453.0,3276.0,2489.0,2639.0,766.0,2103.0,19.0,1676.0,1507.0,957.0,953.0,102.0,28.0,5046.0,45.0,4631.0,71.0,57.0,8.0,642.0,11.0,2729.0,670.0,30.0,91.0,287.0,49.0,123.0,102.0,467.0,135.0,34.0,26.0,1488.0,117.0,88.0,16.0,4801.0,1113.0,62.0
ATT,49.0,356.0,109.0,3405.0,4783.0,70.0,1812.0,2105.0,421.0,539.0,310.0,326.0,2308.0,2928.0,3425.0,2455.0,1893.0,1294.0,3253.0,18.0,1822.0,814.0,2004.0,1003.0,63.0,73.0,6756.0,30.0,5217.0,73.0,52.0,29.0,573.0,25.0,1929.0,544.0,41.0,22.0,219.0,52.0,132.0,111.0,281.0,129.0,28.0,27.0,1437.0,48.0,133.0,29.0,5551.0,465.0,37.0
AAG,29.0,60.0,92.0,285.0,46.0,40.0,1609.0,922.0,74.0,1052.0,455.0,1341.0,1692.0,2905.0,4041.0,1938.0,1448.0,1995.0,4800.0,49.0,1678.0,35.0,2440.0,7.0,14.0,43.0,3351.0,1035.0,2090.0,60.0,154.0,58.0,32.0,39.0,2263.0,4210.0,23.0,21.0,1108.0,86.0,35.0,417.0,57.0,15.0,14.0,16.0,2498.0,34.0,15.0,9.0,7.0,21.0,94.0
AAA,28.0,47.0,90.0,482.0,19.0,33.0,1408.0,826.0,180.0,2069.0,395.0,698.0,1646.0,2819.0,2233.0,2754.0,1595.0,2119.0,4656.0,41.0,1886.0,71.0,2934.0,29.0,13.0,34.0,5340.0,1072.0,3740.0,29.0,53.0,43.0,32.0,8.0,1224.0,3675.0,76.0,5.0,530.0,13.0,37.0,189.0,19.0,4.0,16.0,30.0,1797.0,36.0,9.0,10.0,5.0,26.0,91.0
TTG,43.0,50.0,434.0,3427.0,6704.0,677.0,313.0,2009.0,873.0,720.0,192.0,178.0,3551.0,3351.0,4754.0,3468.0,1398.0,6560.0,1719.0,16.0,2726.0,562.0,589.0,81.0,364.0,72.0,5019.0,65.0,2170.0,567.0,18.0,33.0,6078.0,76.0,2551.0,357.0,1773.0,26.0,457.0,80.0,472.0,225.0,623.0,338.0,26.0,12.0,2077.0,16.0,26.0,90.0,4322.0,449.0,236.0
TTA,22.0,47.0,203.0,5770.0,3436.0,865.0,212.0,1582.0,353.0,244.0,139.0,211.0,1481.0,3042.0,4475.0,2597.0,1601.0,4352.0,1589.0,30.0,2361.0,935.0,401.0,47.0,243.0,59.0,4594.0,68.0,1090.0,595.0,25.0,13.0,8641.0,17.0,1808.0,729.0,119.0,32.0,310.0,32.0,482.0,188.0,280.0,,16.0,35.0,2134.0,7.0,26.0,11.0,5103.0,387.0,167.0
ATG,21.0,59.0,937.0,4390.0,4686.0,2492.0,2695.0,1008.0,156.0,504.0,244.0,88.0,2348.0,2215.0,4505.0,3096.0,1468.0,3408.0,3325.0,23.0,1919.0,639.0,2110.0,82.0,142.0,2794.0,4417.0,1051.0,2544.0,8218.0,37.0,15.0,11421.0,36.0,2428.0,437.0,23.0,74.0,496.0,47.0,492.0,256.0,225.0,106.0,33.0,15.0,650.0,16.0,20.0,,3940.0,28.0,3144.0
AAC,124.0,33.0,32.0,897.0,771.0,286.0,1512.0,2763.0,1224.0,794.0,398.0,746.0,2610.0,3053.0,2286.0,2475.0,1843.0,1944.0,1015.0,164.0,1102.0,447.0,4947.0,56.0,37.0,315.0,7509.0,1628.0,2157.0,174.0,63.0,22.0,419.0,48.0,837.0,326.0,17.0,110.0,443.0,661.0,216.0,412.0,30.0,28.0,18.0,81.0,1752.0,108.0,12.0,8.0,12.0,12.0,921.0
AAT,40.0,66.0,37.0,836.0,659.0,133.0,1071.0,1520.0,1271.0,462.0,392.0,610.0,2081.0,4224.0,3212.0,2869.0,2147.0,1558.0,1030.0,74.0,577.0,672.0,3808.0,41.0,20.0,35.0,7700.0,1426.0,2060.0,188.0,29.0,3.0,402.0,61.0,501.0,268.0,52.0,73.0,370.0,432.0,172.0,524.0,52.0,8.0,38.0,38.0,1120.0,80.0,16.0,8.0,7.0,14.0,961.0
CCT,14.0,229.0,93.0,34.0,1379.0,567.0,1048.0,59.0,80.0,1079.0,971.0,715.0,2365.0,2905.0,1237.0,1689.0,2023.0,4517.0,5456.0,1537.0,300.0,33.0,328.0,575.0,34.0,54.0,69.0,40.0,444.0,115.0,16.0,17.0,14602.0,25.0,1590.0,200.0,49.0,49.0,43.0,23.0,28.0,100.0,12.0,28.0,,33.0,3919.0,14.0,51.0,26.0,8.0,2.0,82.0
CCA,21.0,499.0,9.0,96.0,711.0,,1295.0,56.0,53.0,795.0,676.0,672.0,1635.0,2734.0,2663.0,3090.0,2040.0,4577.0,5117.0,554.0,,112.0,268.0,468.0,95.0,42.0,106.0,19.0,433.0,51.0,43.0,26.0,12880.0,16.0,1100.0,263.0,12.0,35.0,54.0,40.0,11.0,120.0,37.0,13.0,275.0,30.0,5582.0,13.0,24.0,4.0,3.0,11.0,94.0
CAG,49.0,76.0,140.0,1437.0,4206.0,340.0,1166.0,2104.0,121.0,1009.0,270.0,173.0,1892.0,3283.0,4433.0,2041.0,3480.0,1796.0,2840.0,29.0,2314.0,779.0,2697.0,33.0,10.0,25.0,6784.0,526.0,3630.0,794.0,18.0,48.0,122.0,58.0,2472.0,252.0,32.0,208.0,267.0,,289.0,201.0,22.0,36.0,39.0,19.0,3631.0,187.0,16.0,9.0,22.0,10.0,287.0
CAA,21.0,75.0,164.0,1214.0,4132.0,385.0,2098.0,1188.0,184.0,1009.0,223.0,204.0,2845.0,1955.0,3141.0,2335.0,1899.0,1470.0,2260.0,32.0,2266.0,367.0,2647.0,46.0,36.0,24.0,6013.0,575.0,3443.0,182.0,25.0,49.0,100.0,8.0,2727.0,,28.0,148.0,349.0,799.0,37.0,247.0,33.0,35.0,65.0,10.0,3442.0,225.0,14.0,4.0,40.0,16.0,280.0
AGA,9.0,26.0,32.0,14.0,77.0,10.0,445.0,994.0,58.0,1911.0,314.0,1624.0,2019.0,2398.0,2924.0,1621.0,1018.0,1630.0,4796.0,121.0,1421.0,36.0,3348.0,11.0,40.0,41.0,5370.0,941.0,,350.0,,13.0,724.0,45.0,1283.0,2073.0,24.0,8.0,1088.0,41.0,8.0,496.0,54.0,20.0,40.0,13.0,4628.0,198.0,35.0,23.0,4.0,76.0,49.0
CGT,10.0,41.0,55.0,77.0,29.0,7.0,662.0,2312.0,29.0,2044.0,379.0,801.0,3029.0,3415.0,2848.0,2436.0,2138.0,2707.0,5298.0,116.0,1625.0,83.0,3279.0,47.0,26.0,22.0,5775.0,944.0,378.0,615.0,245.0,45.0,30.0,9.0,1517.0,1688.0,6.0,19.0,1219.0,50.0,14.0,464.0,11.0,14.0,51.0,18.0,6116.0,172.0,18.0,13.0,16.0,33.0,49.0
TCT,17.0,55.0,52.0,259.0,216.0,389.0,1280.0,1268.0,92.0,465.0,460.0,,2846.0,2222.0,1984.0,2843.0,2481.0,1935.0,890.0,137.0,1214.0,432.0,4267.0,423.0,36.0,15015.0,8509.0,1579.0,3682.0,5267.0,7.0,44.0,4403.0,79.0,2361.0,240.0,46.0,332.0,310.0,103.0,106.0,365.0,32.0,27.0,94.0,40.0,2014.0,270.0,,6.0,14.0,8.0,305.0
TCC,55.0,91.0,51.0,383.0,324.0,281.0,1392.0,1160.0,82.0,534.0,306.0,310.0,2615.0,3258.0,3410.0,3011.0,1498.0,1103.0,1626.0,138.0,1482.0,247.0,4175.0,374.0,77.0,15174.0,10401.0,1555.0,2688.0,3729.0,45.0,58.0,2706.0,102.0,1821.0,236.0,74.0,316.0,2774.0,52.0,132.0,311.0,21.0,25.0,69.0,41.0,2836.0,213.0,232.0,44.0,10.0,19.0,409.0
ACC,57.0,157.0,40.0,866.0,125.0,2088.0,875.0,1308.0,133.0,910.0,602.0,141.0,2341.0,2544.0,3997.0,2739.0,2139.0,776.0,1535.0,31.0,1763.0,814.0,3990.0,599.0,70.0,2559.0,6097.0,134.0,6193.0,11596.0,113.0,38.0,1348.0,17.0,1409.0,138.0,34.0,444.0,407.0,66.0,130.0,192.0,69.0,41.0,36.0,22.0,1822.0,274.0,65.0,22.0,9.0,5.0,85.0
ACT,29.0,62.0,57.0,1065.0,159.0,1956.0,1087.0,1692.0,132.0,673.0,605.0,352.0,1908.0,2161.0,2504.0,3355.0,1841.0,1434.0,2104.0,63.0,1036.0,574.0,3613.0,935.0,61.0,2586.0,5456.0,173.0,2704.0,16159.0,20.0,8.0,1645.0,54.0,1229.0,165.0,39.0,270.0,462.0,65.0,48.0,277.0,72.0,17.0,58.0,28.0,1441.0,130.0,88.0,3.0,14.0,14.0,75.0
GTT,67.0,,109.0,472.0,2841.0,195.0,1276.0,2384.0,334.0,149.0,339.0,200.0,3348.0,3918.0,3546.0,2579.0,1913.0,312.0,628.0,14.0,1794.0,2121.0,3545.0,3934.0,197.0,724.0,4832.0,177.0,4725.0,63.0,55.0,38.0,873.0,69.0,3309.0,458.0,296.0,57.0,543.0,26.0,93.0,131.0,50.0,150.0,36.0,22.0,1076.0,125.0,668.0,26.0,,,131.0
GTC,58.0,161.0,109.0,,2115.0,157.0,1159.0,2805.0,198.0,540.0,304.0,404.0,1571.0,1588.0,2645.0,3053.0,2702.0,574.0,,7.0,1839.0,758.0,2932.0,2591.0,140.0,668.0,6235.0,70.0,3524.0,163.0,9.0,54.0,1028.0,42.0,2517.0,689.0,26.0,31.0,609.0,37.0,122.0,128.0,44.0,174.0,20.0,51.0,1025.0,106.0,972.0,3.0,162.0,226.0,130.0
TGG,13.0,94.0,58.0,1195.0,2332.0,47.0,1028.0,780.0,78.0,330.0,297.0,264.0,4366.0,1951.0,3599.0,1229.0,1548.0,5137.0,2373.0,29.0,2164.0,295.0,4800.0,608.0,45.0,3449.0,4373.0,105.0,1796.0,1744.0,57.0,55.0,457.0,77.0,921.0,580.0,138.0,8.0,508.0,28.0,32.0,355.0,10.0,22.0,235.0,27.0,118.0,15.0,9.0,12.0,11.0,12.0,167.0
TAC,,154.0,57.0,1073.0,3187.0,611.0,576.0,,692.0,755.0,318.0,525.0,1508.0,,4022.0,1364.0,1172.0,5982.0,3272.0,16.0,2851.0,209.0,2993.0,292.0,114.0,163.0,5176.0,229.0,3238.0,49.0,10.0,49.0,533.0,13.0,134.0,227.0,19.0,53.0,,27.0,29.0,175.0,95.0,27.0,87.0,103.0,370.0,14.0,26.0,9.0,4.0,9.0,19.0
TAT,336.0,176.0,184.0,909.0,2728.0,285.0,553.0,594.0,1158.0,1173.0,215.0,265.0,2449.0,866.0,3421.0,1435.0,1672.0,4434.0,3315.0,10.0,2139.0,,4626.0,446.0,16.0,58.0,8225.0,155.0,3278.0,77.0,21.0,81.0,738.0,13.0,127.0,308.0,29.0,11.0,329.0,14.0,31.0,142.0,56.0,18.0,40.0,8.0,,15.0,160.0,11.0,4.0,20.0,17.0
TAA,7.0,1.0,,,2.0,,1.0,132.0,2.0,2.0,,1.0,1.0,44.0,3.0,3.0,3.0,8.0,2.0,6.0,3.0,10.0,6.0,,,,6.0,62.0,3.0,1.0,,,1.0,,91.0,29.0,,,90.0,,1.0,1.0,1.0,9.0,,,17.0,3.0,1.0,,,,
